{
 "attribution": "Applications to modify the definitive map, from the registers published by Caerphilly County Borough Council, City of Bradford Metropolitan District Council, Derbyshire County Council, Devon County Council, Northumberland County Council, Northumberland County Council (2020 register). Personal details are not included.",
 "features": [
  {
   "geometry": {
    "coordinates": [
     [
      -1.82783,
      53.76372
     ],
     [
      -1.82772,
      53.76384
     ],
     [
      -1.82763,
      53.76395
     ],
     [
      -1.82756,
      53.76403
     ],
     [
      -1.82743,
      53.76417
     ],
     [
      -1.82737,
      53.76424
     ],
     [
      -1.82731,
      53.76431
     ],
     [
      -1.82727,
      53.76436
     ],
     [
      -1.82722,
      53.76441
     ],
     [
      -1.82719,
      53.76445
     ],
     [
      -1.82713,
      53.76451
     ],
     [
      -1.8271,
      53.76455
     ],
     [
      -1.82703,
      53.76459
     ],
     [
      -1.82698,
      53.76462
     ],
     [
      -1.82694,
      53.76464
     ],
     [
      -1.8269,
      53.76465
     ],
     [
      -1.82686,
      53.76466
     ],
     [
      -1.82671,
      53.76469
     ],
     [
      -1.82655,
      53.76472
     ],
     [
      -1.82638,
      53.76475
     ],
     [
      -1.82632,
      53.76476
     ],
     [
      -1.82605,
      53.76481
     ],
     [
      -1.82578,
      53.76486
     ],
     [
      -1.82564,
      53.76488
     ],
     [
      -1.82547,
      53.76492
     ],
     [
      -1.82536,
      53.76494
     ],
     [
      -1.82524,
      53.76496
     ],
     [
      -1.82507,
      53.76499
     ]
    ],
    "type": "LineString"
   },
   "properties": {
    "council": "City of Bradford Metropolitan District Council",
    "current": null,
    "details": {
     "name": "Blackshaw Beck Lane",
     "received": "2026-04-24"
    },
    "kind": "dmmo-application",
    "parish": null,
    "ref": "66650/T34",
    "seeks": "Add Byway",
    "source": "bradford-dmmo",
    "state": "open",
    "ways": []
   },
   "type": "Feature"
  },
  {
   "geometry": {
    "coordinates": [
     [
      -1.93032,
      53.83367
     ],
     [
      -1.92989,
      53.83343
     ],
     [
      -1.92981,
      53.83337
     ],
     [
      -1.92987,
      53.83326
     ],
     [
      -1.93027,
      53.83296
     ],
     [
      -1.9304,
      53.83281
     ],
     [
      -1.93037,
      53.8327
     ],
     [
      -1.92992,
      53.83221
     ],
     [
      -1.9299,
      53.83216
     ],
     [
      -1.92978,
      53.83196
     ],
     [
      -1.92972,
      53.83159
     ],
     [
      -1.92966,
      53.8314
     ],
     [
      -1.92944,
      53.83105
     ],
     [
      -1.92921,
      53.83082
     ],
     [
      -1.92917,
      53.83065
     ],
     [
      -1.92923,
      53.83051
     ],
     [
      -1.92944,
      53.83037
     ],
     [
      -1.92948,
      53.8303
     ],
     [
      -1.92954,
      53.8295
     ],
     [
      -1.92966,
      53.82924
     ],
     [
      -1.93005,
      53.82869
     ]
    ],
    "type": "LineString"
   },
   "properties": {
    "council": "City of Bradford Metropolitan District Council",
    "current": "Keighley 160",
    "details": {
     "name": "Hardgate Lane, Haworth",
     "received": "2005-02-07"
    },
    "kind": "dmmo-application",
    "parish": "Crossroads",
    "ref": "66660/T43",
    "seeks": "Upgrade bridleway to BOAT",
    "source": "bradford-dmmo",
    "state": "open",
    "ways": []
   },
   "type": "Feature"
  },
  {
   "geometry": {
    "coordinates": [
     [
      -1.83375,
      53.75957
     ],
     [
      -1.83367,
      53.75964
     ],
     [
      -1.83359,
      53.75972
     ],
     [
      -1.83353,
      53.75978
     ],
     [
      -1.83347,
      53.75984
     ],
     [
      -1.8334,
      53.75993
     ],
     [
      -1.83333,
      53.76001
     ],
     [
      -1.83324,
      53.76012
     ],
     [
      -1.83319,
      53.7602
     ],
     [
      -1.83313,
      53.76029
     ],
     [
      -1.8331,
      53.76034
     ],
     [
      -1.83307,
      53.76037
     ],
     [
      -1.83304,
      53.76039
     ],
     [
      -1.83298,
      53.76044
     ],
     [
      -1.83283,
      53.76054
     ],
     [
      -1.83277,
      53.76058
     ],
     [
      -1.83263,
      53.76068
     ],
     [
      -1.83258,
      53.76072
     ],
     [
      -1.83252,
      53.76077
     ],
     [
      -1.83242,
      53.76084
     ],
     [
      -1.83237,
      53.76087
     ],
     [
      -1.83229,
      53.76091
     ],
     [
      -1.83207,
      53.76103
     ],
     [
      -1.83192,
      53.76111
     ],
     [
      -1.83174,
      53.76121
     ],
     [
      -1.83159,
      53.76129
     ],
     [
      -1.83141,
      53.76139
     ],
     [
      -1.83127,
      53.76146
     ],
     [
      -1.8312,
      53.76149
     ],
     [
      -1.83116,
      53.76152
     ],
     [
      -1.83109,
      53.76156
     ],
     [
      -1.83105,
      53.7616
     ],
     [
      -1.83098,
      53.76165
     ],
     [
      -1.8309,
      53.76171
     ],
     [
      -1.83085,
      53.76174
     ],
     [
      -1.83082,
      53.76176
     ],
     [
      -1.8308,
      53.76181
     ],
     [
      -1.83078,
      53.76185
     ],
     [
      -1.83073,
      53.76192
     ],
     [
      -1.83066,
      53.76198
     ],
     [
      -1.8306,
      53.76203
     ],
     [
      -1.83054,
      53.76207
     ],
     [
      -1.83046,
      53.76212
     ],
     [
      -1.83032,
      53.76219
     ],
     [
      -1.83014,
      53.76229
     ],
     [
      -1.82996,
      53.76238
     ],
     [
      -1.82987,
      53.76242
     ],
     [
      -1.82976,
      53.76248
     ],
     [
      -1.82964,
      53.76255
     ],
     [
      -1.82954,
      53.7626
     ],
     [
      -1.82944,
      53.76265
     ],
     [
      -1.82933,
      53.76272
     ],
     [
      -1.82922,
      53.76277
     ],
     [
      -1.82912,
      53.76283
     ],
     [
      -1.82899,
      53.76291
     ],
     [
      -1.82884,
      53.763
     ],
     [
      -1.82872,
      53.76308
     ],
     [
      -1.82857,
      53.76317
     ],
     [
      -1.82846,
      53.76324
     ],
     [
      -1.82836,
      53.76332
     ],
     [
      -1.82825,
      53.76339
     ],
     [
      -1.82814,
      53.76347
     ],
     [
      -1.82807,
      53.76354
     ],
     [
      -1.82796,
      53.76363
     ],
     [
      -1.8279,
      53.7637
     ],
     [
      -1.82786,
      53.76374
     ],
     [
      -1.82779,
      53.76382
     ],
     [
      -1.82771,
      53.76392
     ],
     [
      -1.82757,
      53.76407
     ],
     [
      -1.82747,
      53.76418
     ],
     [
      -1.82738,
      53.76428
     ],
     [
      -1.82726,
      53.76441
     ],
     [
      -1.82721,
      53.76448
     ],
     [
      -1.82713,
      53.76456
     ],
     [
      -1.82706,
      53.76461
     ],
     [
      -1.827,
      53.76464
     ],
     [
      -1.82696,
      53.76465
     ],
     [
      -1.82691,
      53.76467
     ],
     [
      -1.82678,
      53.7647
     ],
     [
      -1.82665,
      53.76472
     ],
     [
      -1.82654,
      53.76474
     ],
     [
      -1.82642,
      53.76476
     ],
     [
      -1.8263,
      53.76479
     ],
     [
      -1.82618,
      53.76481
     ],
     [
      -1.82602,
      53.76484
     ],
     [
      -1.82586,
      53.76486
     ],
     [
      -1.82569,
      53.7649
     ],
     [
      -1.82557,
      53.76492
     ],
     [
      -1.82539,
      53.76495
     ],
     [
      -1.82525,
      53.76498
     ],
     [
      -1.82508,
      53.76502
     ]
    ],
    "type": "LineString"
   },
   "properties": {
    "council": "City of Bradford Metropolitan District Council",
    "current": null,
    "details": {
     "name": "Blackshaw Beck Lane",
     "received": "2026-04-24"
    },
    "kind": "dmmo-application",
    "parish": null,
    "ref": "66660/T78",
    "seeks": "Add Byway",
    "source": "bradford-dmmo",
    "state": "open",
    "ways": []
   },
   "type": "Feature"
  },
  {
   "geometry": {
    "coordinates": [
     [
      [
       -3.21147,
       51.71995
      ],
      [
       -3.21062,
       51.71966
      ]
     ],
     [
      [
       -3.21147,
       51.71995
      ],
      [
       -3.21062,
       51.71966
      ]
     ]
    ],
    "type": "MultiLineString"
   },
   "properties": {
    "council": "Caerphilly County Borough Council",
    "current": "Claimed",
    "details": {},
    "kind": "dmmo-application",
    "parish": null,
    "ref": "ARGO/CROW213/1",
    "seeks": "Byway open to all traffic (claimed)",
    "source": "caerphilly-claims",
    "state": "open",
    "ways": []
   },
   "type": "Feature"
  },
  {
   "geometry": {
    "coordinates": [
     [
      -3.15964,
      51.6973
     ],
     [
      -3.15919,
      51.69723
     ],
     [
      -3.15766,
      51.69611
     ],
     [
      -3.15576,
      51.69633
     ],
     [
      -3.15391,
      51.69609
     ]
    ],
    "type": "LineString"
   },
   "properties": {
    "council": "Caerphilly County Borough Council",
    "current": "Claimed",
    "details": {},
    "kind": "dmmo-application",
    "parish": null,
    "ref": "CRUM/CROW182/1",
    "seeks": "Byway open to all traffic (claimed)",
    "source": "caerphilly-claims",
    "state": "open",
    "ways": []
   },
   "type": "Feature"
  },
  {
   "geometry": {
    "coordinates": [
     [
      [
       -3.31577,
       51.75526
      ],
      [
       -3.3137,
       51.74923
      ]
     ],
     [
      [
       -3.31577,
       51.75526
      ],
      [
       -3.3137,
       51.74923
      ]
     ]
    ],
    "type": "MultiLineString"
   },
   "properties": {
    "council": "Caerphilly County Borough Council",
    "current": "Claimed",
    "details": {},
    "kind": "dmmo-application",
    "parish": null,
    "ref": "DARV/CROW220/1",
    "seeks": "Byway open to all traffic (claimed)",
    "source": "caerphilly-claims",
    "state": "open",
    "ways": []
   },
   "type": "Feature"
  },
  {
   "geometry": {
    "coordinates": [
     [
      [
       -3.16814,
       51.66527
      ],
      [
       -3.16782,
       51.66499
      ],
      [
       -3.1675,
       51.66479
      ],
      [
       -3.16701,
       51.66454
      ],
      [
       -3.16693,
       51.66448
      ],
      [
       -3.16688,
       51.66435
      ],
      [
       -3.16675,
       51.66406
      ],
      [
       -3.16665,
       51.66394
      ],
      [
       -3.16654,
       51.66386
      ],
      [
       -3.16637,
       51.66367
      ],
      [
       -3.16631,
       51.6636
      ],
      [
       -3.16622,
       51.66356
      ],
      [
       -3.16603,
       51.66352
      ],
      [
       -3.166,
       51.66352
      ],
      [
       -3.16584,
       51.66346
      ],
      [
       -3.16567,
       51.66341
      ],
      [
       -3.16538,
       51.66334
      ],
      [
       -3.16516,
       51.66326
      ],
      [
       -3.16473,
       51.66309
      ],
      [
       -3.16456,
       51.66305
      ],
      [
       -3.16434,
       51.66303
      ],
      [
       -3.16343,
       51.66293
      ],
      [
       -3.16274,
       51.66285
      ],
      [
       -3.16267,
       51.66284
      ],
      [
       -3.16237,
       51.66277
      ],
      [
       -3.16235,
       51.66276
      ],
      [
       -3.16221,
       51.66269
      ]
     ],
     [
      [
       -3.16814,
       51.66527
      ],
      [
       -3.16782,
       51.66499
      ],
      [
       -3.1675,
       51.66479
      ],
      [
       -3.16701,
       51.66454
      ],
      [
       -3.16693,
       51.66448
      ],
      [
       -3.16688,
       51.66435
      ],
      [
       -3.16675,
       51.66406
      ],
      [
       -3.16665,
       51.66394
      ],
      [
       -3.16654,
       51.66386
      ],
      [
       -3.16637,
       51.66367
      ],
      [
       -3.16631,
       51.6636
      ],
      [
       -3.16622,
       51.66356
      ],
      [
       -3.16603,
       51.66352
      ],
      [
       -3.166,
       51.66352
      ],
      [
       -3.16584,
       51.66346
      ],
      [
       -3.16567,
       51.66341
      ],
      [
       -3.16538,
       51.66334
      ],
      [
       -3.16516,
       51.66326
      ],
      [
       -3.16473,
       51.66309
      ],
      [
       -3.16456,
       51.66305
      ],
      [
       -3.16434,
       51.66303
      ],
      [
       -3.16343,
       51.66293
      ],
      [
       -3.16274,
       51.66285
      ],
      [
       -3.16267,
       51.66284
      ],
      [
       -3.16237,
       51.66277
      ],
      [
       -3.16235,
       51.66276
      ],
      [
       -3.16221,
       51.66269
      ]
     ]
    ],
    "type": "MultiLineString"
   },
   "properties": {
    "council": "Caerphilly County Borough Council",
    "current": "Claimed",
    "details": {},
    "kind": "dmmo-application",
    "parish": null,
    "ref": "NWBG/CROW087/1",
    "seeks": "Byway open to all traffic (claimed)",
    "source": "caerphilly-claims",
    "state": "open",
    "ways": []
   },
   "type": "Feature"
  },
  {
   "geometry": {
    "coordinates": [
     [
      -3.24688,
      51.59866
     ],
     [
      -3.24688,
      51.59878
     ],
     [
      -3.24686,
      51.59901
     ],
     [
      -3.24682,
      51.59923
     ],
     [
      -3.24673,
      51.59954
     ],
     [
      -3.24669,
      51.59985
     ],
     [
      -3.24664,
      51.6001
     ],
     [
      -3.24652,
      51.6005
     ],
     [
      -3.2464,
      51.60077
     ],
     [
      -3.24624,
      51.6011
     ],
     [
      -3.24616,
      51.60137
     ],
     [
      -3.24613,
      51.60151
     ],
     [
      -3.24615,
      51.60167
     ],
     [
      -3.24618,
      51.60188
     ],
     [
      -3.24619,
      51.60205
     ],
     [
      -3.24616,
      51.60232
     ],
     [
      -3.2461,
      51.60269
     ],
     [
      -3.24605,
      51.60294
     ]
    ],
    "type": "LineString"
   },
   "properties": {
    "council": "Caerphilly County Borough Council",
    "current": "Claimed",
    "details": {},
    "kind": "dmmo-application",
    "parish": null,
    "ref": "PTE/BWY125/1",
    "seeks": "Byway open to all traffic (claimed)",
    "source": "caerphilly-claims",
    "state": "open",
    "ways": []
   },
   "type": "Feature"
  },
  {
   "geometry": {
    "coordinates": [
     [
      -3.24605,
      51.60294
     ],
     [
      -3.246,
      51.60306
     ],
     [
      -3.24593,
      51.60329
     ],
     [
      -3.24584,
      51.60355
     ],
     [
      -3.24572,
      51.60388
     ],
     [
      -3.24564,
      51.60407
     ]
    ],
    "type": "LineString"
   },
   "properties": {
    "council": "Caerphilly County Borough Council",
    "current": "Claimed",
    "details": {},
    "kind": "dmmo-application",
    "parish": null,
    "ref": "PTE/BWY125/2",
    "seeks": "Byway open to all traffic (claimed)",
    "source": "caerphilly-claims",
    "state": "open",
    "ways": [
     "CF-BWY117B/1-772d7b8b0a"
    ]
   },
   "type": "Feature"
  },
  {
   "geometry": {
    "coordinates": [
     [
      -3.09626,
      51.59885
     ],
     [
      -3.09602,
      51.59921
     ],
     [
      -3.09592,
      51.59932
     ],
     [
      -3.09575,
      51.59944
     ],
     [
      -3.09543,
      51.59959
     ],
     [
      -3.09511,
      51.59966
     ],
     [
      -3.09485,
      51.59969
     ],
     [
      -3.09411,
      51.59969
     ],
     [
      -3.09359,
      51.59965
     ],
     [
      -3.09349,
      51.59965
     ]
    ],
    "type": "LineString"
   },
   "properties": {
    "council": "Caerphilly County Borough Council",
    "current": "Claimed",
    "details": {},
    "kind": "dmmo-application",
    "parish": null,
    "ref": "RISC/CROW222/1",
    "seeks": "Byway open to all traffic (claimed)",
    "source": "caerphilly-claims",
    "state": "open",
    "ways": []
   },
   "type": "Feature"
  },
  {
   "geometry": {
    "coordinates": [
     [
      [
       -1.66152,
       53.25864
      ],
      [
       -1.66161,
       53.25857
      ],
      [
       -1.66171,
       53.25848
      ],
      [
       -1.66189,
       53.25837
      ],
      [
       -1.66201,
       53.25831
      ],
      [
       -1.6622,
       53.25819
      ],
      [
       -1.66247,
       53.25801
      ],
      [
       -1.66277,
       53.25778
      ]
     ],
     [
      [
       -1.66277,
       53.25778
      ],
      [
       -1.66282,
       53.25772
      ]
     ],
     [
      [
       -1.66282,
       53.25772
      ],
      [
       -1.66291,
       53.25763
      ],
      [
       -1.66308,
       53.2575
      ],
      [
       -1.66324,
       53.25737
      ],
      [
       -1.66339,
       53.25726
      ],
      [
       -1.6635,
       53.2572
      ],
      [
       -1.664,
       53.25691
      ],
      [
       -1.66431,
       53.25672
      ],
      [
       -1.66441,
       53.25666
      ],
      [
       -1.66458,
       53.25654
      ],
      [
       -1.66468,
       53.25646
      ],
      [
       -1.66493,
       53.25628
      ],
      [
       -1.66522,
       53.25615
      ],
      [
       -1.66565,
       53.25598
      ],
      [
       -1.66658,
       53.25563
      ],
      [
       -1.66691,
       53.25551
      ],
      [
       -1.66725,
       53.2554
      ],
      [
       -1.66743,
       53.25534
      ],
      [
       -1.66769,
       53.25527
      ],
      [
       -1.66788,
       53.25524
      ],
      [
       -1.66853,
       53.25517
      ],
      [
       -1.6688,
       53.25515
      ],
      [
       -1.66974,
       53.25507
      ],
      [
       -1.66999,
       53.25504
      ],
      [
       -1.67016,
       53.25501
      ],
      [
       -1.67045,
       53.25491
      ],
      [
       -1.67086,
       53.25478
      ],
      [
       -1.67099,
       53.25474
      ],
      [
       -1.67145,
       53.25467
      ]
     ],
     [
      [
       -1.67145,
       53.25467
      ],
      [
       -1.6716,
       53.25465
      ],
      [
       -1.67181,
       53.25461
      ],
      [
       -1.67207,
       53.25456
      ],
      [
       -1.67217,
       53.25454
      ],
      [
       -1.67236,
       53.25455
      ],
      [
       -1.67245,
       53.25454
      ],
      [
       -1.67256,
       53.25449
      ]
     ],
     [
      [
       -1.67256,
       53.25449
      ],
      [
       -1.67271,
       53.25443
      ],
      [
       -1.67292,
       53.25432
      ],
      [
       -1.67303,
       53.25425
      ],
      [
       -1.67322,
       53.25413
      ],
      [
       -1.67337,
       53.25402
      ],
      [
       -1.67363,
       53.25385
      ],
      [
       -1.67382,
       53.25373
      ],
      [
       -1.67437,
       53.25337
      ],
      [
       -1.67457,
       53.25323
      ],
      [
       -1.67471,
       53.25313
      ],
      [
       -1.67508,
       53.25281
      ]
     ],
     [
      [
       -1.67508,
       53.25281
      ],
      [
       -1.67526,
       53.25267
      ],
      [
       -1.67551,
       53.25247
      ],
      [
       -1.67569,
       53.25233
      ],
      [
       -1.67588,
       53.25221
      ],
      [
       -1.67667,
       53.25174
      ]
     ],
     [
      [
       -1.67667,
       53.25174
      ],
      [
       -1.67695,
       53.25159
      ],
      [
       -1.67727,
       53.25142
      ],
      [
       -1.67764,
       53.25127
      ],
      [
       -1.67775,
       53.2512
      ],
      [
       -1.67813,
       53.25091
      ],
      [
       -1.67847,
       53.25063
      ],
      [
       -1.67864,
       53.25047
      ],
      [
       -1.67868,
       53.25044
      ]
     ]
    ],
    "type": "MultiLineString"
   },
   "properties": {
    "council": "Derbyshire County Council",
    "current": "Claimed BOAT 29",
    "details": {
     "stage": "Objections Received to Order"
    },
    "kind": "dmmo-application",
    "parish": "Calver",
    "ref": "02793",
    "seeks": "Add Byway",
    "source": "derbyshire-applications",
    "state": "open",
    "ways": []
   },
   "type": "Feature"
  },
  {
   "geometry": {
    "coordinates": [
     [
      [
       -1.5094,
       53.02253
      ],
      [
       -1.50923,
       53.02275
      ],
      [
       -1.50921,
       53.02277
      ],
      [
       -1.50914,
       53.02286
      ],
      [
       -1.50898,
       53.0231
      ],
      [
       -1.50876,
       53.02347
      ],
      [
       -1.50846,
       53.02395
      ],
      [
       -1.50826,
       53.02429
      ],
      [
       -1.50809,
       53.02457
      ],
      [
       -1.50791,
       53.02484
      ],
      [
       -1.50766,
       53.0252
      ],
      [
       -1.50749,
       53.0255
      ],
      [
       -1.50746,
       53.02556
      ],
      [
       -1.50745,
       53.0256
      ],
      [
       -1.50745,
       53.02564
      ],
      [
       -1.50746,
       53.0257
      ],
      [
       -1.50748,
       53.02574
      ],
      [
       -1.50749,
       53.02577
      ],
      [
       -1.50752,
       53.02581
      ],
      [
       -1.50755,
       53.02586
      ],
      [
       -1.50759,
       53.02591
      ],
      [
       -1.50764,
       53.02596
      ],
      [
       -1.50782,
       53.02611
      ],
      [
       -1.50786,
       53.02616
      ],
      [
       -1.50799,
       53.02627
      ]
     ],
     [
      [
       -1.50913,
       53.01858
      ],
      [
       -1.5091,
       53.01879
      ],
      [
       -1.50907,
       53.01904
      ],
      [
       -1.50907,
       53.01922
      ],
      [
       -1.50913,
       53.01949
      ],
      [
       -1.50933,
       53.02009
      ],
      [
       -1.50952,
       53.02063
      ],
      [
       -1.50969,
       53.02105
      ],
      [
       -1.5098,
       53.02128
      ],
      [
       -1.51005,
       53.02172
      ],
      [
       -1.51005,
       53.0218
      ],
      [
       -1.51003,
       53.02186
      ],
      [
       -1.51,
       53.02191
      ],
      [
       -1.50994,
       53.02196
      ],
      [
       -1.50978,
       53.02209
      ],
      [
       -1.5094,
       53.02253
      ]
     ],
     [
      [
       -1.51764,
       53.01498
      ],
      [
       -1.51727,
       53.0154
      ],
      [
       -1.51709,
       53.0155
      ],
      [
       -1.51616,
       53.01579
      ],
      [
       -1.51466,
       53.01628
      ],
      [
       -1.51419,
       53.01646
      ],
      [
       -1.51321,
       53.01677
      ],
      [
       -1.51148,
       53.01746
      ],
      [
       -1.50928,
       53.0179
      ]
     ],
     [
      [
       -1.50928,
       53.01793
      ],
      [
       -1.50913,
       53.01858
      ]
     ]
    ],
    "type": "MultiLineString"
   },
   "properties": {
    "council": "Derbyshire County Council",
    "current": "Bridleway 24",
    "details": {
     "stage": "Consultation in progress"
    },
    "kind": "dmmo-application",
    "parish": "Hazelwood",
    "ref": "03069",
    "seeks": "Upgrades Public Bridleway to a Byway Open to All Traffic and adds a Byway Open to All Traffic from s",
    "source": "derbyshire-applications",
    "state": "open",
    "ways": []
   },
   "type": "Feature"
  },
  {
   "geometry": {
    "coordinates": [
     [
      [
       -1.51111,
       53.04228
      ],
      [
       -1.51109,
       53.0426
      ],
      [
       -1.5111,
       53.04267
      ],
      [
       -1.51114,
       53.04291
      ],
      [
       -1.5112,
       53.04324
      ],
      [
       -1.51121,
       53.04333
      ],
      [
       -1.51114,
       53.0436
      ],
      [
       -1.51106,
       53.04395
      ],
      [
       -1.51097,
       53.04416
      ],
      [
       -1.51089,
       53.04432
      ],
      [
       -1.51077,
       53.04453
      ]
     ],
     [
      [
       -1.50819,
       53.03487
      ],
      [
       -1.50851,
       53.03553
      ],
      [
       -1.50862,
       53.03574
      ],
      [
       -1.5087,
       53.03581
      ],
      [
       -1.5088,
       53.03595
      ],
      [
       -1.50887,
       53.03612
      ],
      [
       -1.50906,
       53.03642
      ],
      [
       -1.50938,
       53.03717
      ],
      [
       -1.50943,
       53.03736
      ],
      [
       -1.50953,
       53.03764
      ],
      [
       -1.5098,
       53.03837
      ],
      [
       -1.50995,
       53.03868
      ],
      [
       -1.51037,
       53.03976
      ],
      [
       -1.51046,
       53.0399
      ],
      [
       -1.51061,
       53.04008
      ],
      [
       -1.51079,
       53.04029
      ],
      [
       -1.51086,
       53.04041
      ],
      [
       -1.51092,
       53.0406
      ]
     ],
     [
      [
       -1.51094,
       53.04064
      ],
      [
       -1.51096,
       53.04074
      ],
      [
       -1.51102,
       53.04109
      ],
      [
       -1.51104,
       53.04144
      ],
      [
       -1.51107,
       53.04174
      ],
      [
       -1.5111,
       53.04199
      ],
      [
       -1.51111,
       53.04227
      ]
     ],
     [
      [
       -1.50711,
       53.03211
      ],
      [
       -1.50714,
       53.03222
      ],
      [
       -1.50725,
       53.03269
      ],
      [
       -1.50735,
       53.03292
      ],
      [
       -1.50744,
       53.0333
      ],
      [
       -1.50753,
       53.03357
      ],
      [
       -1.50762,
       53.03372
      ],
      [
       -1.5077,
       53.03388
      ],
      [
       -1.50777,
       53.03405
      ],
      [
       -1.50803,
       53.03454
      ],
      [
       -1.50812,
       53.03471
      ],
      [
       -1.50819,
       53.03486
      ]
     ],
     [
      [
       -1.50673,
       53.02874
      ],
      [
       -1.50677,
       53.02928
      ],
      [
       -1.5068,
       53.02965
      ],
      [
       -1.50681,
       53.02971
      ],
      [
       -1.50691,
       53.03012
      ],
      [
       -1.50696,
       53.03047
      ],
      [
       -1.50701,
       53.0309
      ],
      [
       -1.507,
       53.03108
      ],
      [
       -1.507,
       53.03118
      ],
      [
       -1.50705,
       53.0314
      ],
      [
       -1.50705,
       53.0317
      ],
      [
       -1.50706,
       53.03188
      ],
      [
       -1.50712,
       53.03211
      ]
     ],
     [
      [
       -1.50628,
       53.02685
      ],
      [
       -1.50649,
       53.02753
      ],
      [
       -1.50662,
       53.028
      ],
      [
       -1.50672,
       53.0283
      ],
      [
       -1.50672,
       53.02849
      ],
      [
       -1.50673,
       53.02871
      ]
     ]
    ],
    "type": "MultiLineString"
   },
   "properties": {
    "council": "Derbyshire County Council",
    "current": null,
    "details": {
     "stage": "Consultation in progress"
    },
    "kind": "dmmo-application",
    "parish": "Alderwasley",
    "ref": "03070",
    "seeks": "Add Byway Open to All Traffic along NCH",
    "source": "derbyshire-applications",
    "state": "open",
    "ways": []
   },
   "type": "Feature"
  },
  {
   "geometry": {
    "coordinates": [
     [
      [
       -1.22907,
       53.19231
      ],
      [
       -1.22904,
       53.19228
      ],
      [
       -1.22889,
       53.19224
      ],
      [
       -1.22867,
       53.19218
      ],
      [
       -1.22847,
       53.19212
      ],
      [
       -1.22833,
       53.1921
      ],
      [
       -1.22824,
       53.19207
      ],
      [
       -1.22816,
       53.19204
      ],
      [
       -1.22802,
       53.192
      ],
      [
       -1.22782,
       53.19194
      ],
      [
       -1.2276,
       53.19189
      ],
      [
       -1.22739,
       53.19184
      ],
      [
       -1.22724,
       53.1918
      ],
      [
       -1.22715,
       53.19178
      ],
      [
       -1.22708,
       53.19176
      ],
      [
       -1.22699,
       53.19172
      ],
      [
       -1.22689,
       53.19168
      ],
      [
       -1.22664,
       53.19162
      ],
      [
       -1.22643,
       53.19156
      ],
      [
       -1.22616,
       53.19149
      ],
      [
       -1.22601,
       53.19146
      ],
      [
       -1.22579,
       53.1914
      ],
      [
       -1.22554,
       53.19133
      ],
      [
       -1.22535,
       53.19128
      ],
      [
       -1.22499,
       53.19118
      ],
      [
       -1.22468,
       53.19109
      ],
      [
       -1.22452,
       53.19104
      ],
      [
       -1.22428,
       53.19096
      ],
      [
       -1.22412,
       53.19091
      ],
      [
       -1.224,
       53.19087
      ]
     ],
     [
      [
       -1.23357,
       53.19353
      ],
      [
       -1.23345,
       53.1935
      ],
      [
       -1.23321,
       53.19344
      ],
      [
       -1.23293,
       53.19336
      ],
      [
       -1.23267,
       53.19329
      ],
      [
       -1.23248,
       53.19324
      ],
      [
       -1.23224,
       53.19317
      ],
      [
       -1.23204,
       53.19311
      ],
      [
       -1.23176,
       53.19304
      ],
      [
       -1.23144,
       53.19295
      ],
      [
       -1.23124,
       53.1929
      ],
      [
       -1.23092,
       53.19281
      ],
      [
       -1.23046,
       53.19267
      ],
      [
       -1.23022,
       53.1926
      ],
      [
       -1.22987,
       53.19251
      ],
      [
       -1.22957,
       53.19242
      ],
      [
       -1.2293,
       53.19235
      ],
      [
       -1.22913,
       53.1923
      ],
      [
       -1.22907,
       53.19231
      ]
     ],
     [
      [
       -1.24393,
       53.19625
      ],
      [
       -1.24344,
       53.19614
      ],
      [
       -1.24312,
       53.19604
      ],
      [
       -1.24296,
       53.19602
      ],
      [
       -1.24281,
       53.19602
      ],
      [
       -1.24262,
       53.19601
      ],
      [
       -1.24227,
       53.19592
      ],
      [
       -1.24032,
       53.19537
      ],
      [
       -1.23818,
       53.19479
      ],
      [
       -1.23777,
       53.19465
      ],
      [
       -1.23752,
       53.19458
      ],
      [
       -1.23709,
       53.19445
      ],
      [
       -1.23681,
       53.19439
      ],
      [
       -1.23665,
       53.19435
      ],
      [
       -1.23644,
       53.19428
      ],
      [
       -1.23603,
       53.19416
      ],
      [
       -1.23531,
       53.19397
      ],
      [
       -1.23483,
       53.19386
      ],
      [
       -1.2344,
       53.19373
      ],
      [
       -1.23412,
       53.19366
      ],
      [
       -1.23391,
       53.19361
      ],
      [
       -1.2338,
       53.19359
      ],
      [
       -1.23368,
       53.19357
      ]
     ]
    ],
    "type": "MultiLineString"
   },
   "properties": {
    "council": "Derbyshire County Council",
    "current": "Bridleway 10",
    "details": {
     "stage": "Research started"
    },
    "kind": "dmmo-application",
    "parish": "Pleasley",
    "ref": "03075",
    "seeks": "Upgrade Bridleway to BOAT",
    "source": "derbyshire-applications",
    "state": "open",
    "ways": []
   },
   "type": "Feature"
  },
  {
   "geometry": {
    "coordinates": [
     [
      [
       -1.21117,
       53.19203
      ],
      [
       -1.21107,
       53.19201
      ],
      [
       -1.2109,
       53.19199
      ],
      [
       -1.21073,
       53.19198
      ],
      [
       -1.21055,
       53.19196
      ],
      [
       -1.21043,
       53.19195
      ],
      [
       -1.21026,
       53.19193
      ],
      [
       -1.20999,
       53.19189
      ],
      [
       -1.20992,
       53.19188
      ],
      [
       -1.20978,
       53.19187
      ],
      [
       -1.20957,
       53.19185
      ],
      [
       -1.20941,
       53.19184
      ],
      [
       -1.20916,
       53.19182
      ],
      [
       -1.20894,
       53.19181
      ],
      [
       -1.20874,
       53.19179
      ],
      [
       -1.20855,
       53.19178
      ],
      [
       -1.20842,
       53.19177
      ],
      [
       -1.2083,
       53.19176
      ],
      [
       -1.20814,
       53.19176
      ],
      [
       -1.20803,
       53.19178
      ],
      [
       -1.20789,
       53.1918
      ],
      [
       -1.20773,
       53.19183
      ],
      [
       -1.20739,
       53.19189
      ],
      [
       -1.2072,
       53.19193
      ],
      [
       -1.20707,
       53.19196
      ],
      [
       -1.20692,
       53.19202
      ],
      [
       -1.20673,
       53.19211
      ],
      [
       -1.20648,
       53.19222
      ],
      [
       -1.20629,
       53.1923
      ],
      [
       -1.20621,
       53.19233
      ],
      [
       -1.20605,
       53.19238
      ],
      [
       -1.20593,
       53.1924
      ],
      [
       -1.20581,
       53.19241
      ],
      [
       -1.20549,
       53.19241
      ],
      [
       -1.20518,
       53.1924
      ],
      [
       -1.205,
       53.19239
      ],
      [
       -1.20477,
       53.19242
      ]
     ],
     [
      [
       -1.20477,
       53.19242
      ],
      [
       -1.20424,
       53.19252
      ],
      [
       -1.20386,
       53.19258
      ],
      [
       -1.20367,
       53.19261
      ],
      [
       -1.20343,
       53.19262
      ],
      [
       -1.20333,
       53.19263
      ],
      [
       -1.20318,
       53.19261
      ],
      [
       -1.20301,
       53.1926
      ],
      [
       -1.20288,
       53.1926
      ],
      [
       -1.2028,
       53.1926
      ],
      [
       -1.20262,
       53.19262
      ],
      [
       -1.20249,
       53.19264
      ],
      [
       -1.20236,
       53.19266
      ],
      [
       -1.2022,
       53.1927
      ],
      [
       -1.20209,
       53.19273
      ],
      [
       -1.2019,
       53.19279
      ]
     ],
     [
      [
       -1.2019,
       53.19279
      ],
      [
       -1.20181,
       53.19282
      ],
      [
       -1.20167,
       53.19285
      ]
     ],
     [
      [
       -1.20167,
       53.19285
      ],
      [
       -1.20147,
       53.19288
      ],
      [
       -1.20126,
       53.19289
      ],
      [
       -1.20101,
       53.19288
      ],
      [
       -1.20078,
       53.19288
      ],
      [
       -1.2006,
       53.19288
      ],
      [
       -1.2004,
       53.19289
      ],
      [
       -1.2001,
       53.19289
      ],
      [
       -1.19985,
       53.1929
      ],
      [
       -1.19966,
       53.19291
      ],
      [
       -1.19955,
       53.19292
      ],
      [
       -1.19935,
       53.19296
      ],
      [
       -1.19917,
       53.19299
      ],
      [
       -1.19902,
       53.19301
      ],
      [
       -1.1989,
       53.19302
      ],
      [
       -1.1988,
       53.19302
      ],
      [
       -1.19867,
       53.19302
      ],
      [
       -1.19856,
       53.19303
      ],
      [
       -1.19846,
       53.19306
      ],
      [
       -1.19832,
       53.1931
      ],
      [
       -1.19822,
       53.19313
      ],
      [
       -1.19811,
       53.19315
      ],
      [
       -1.19792,
       53.19319
      ],
      [
       -1.19781,
       53.19321
      ],
      [
       -1.19771,
       53.19323
      ],
      [
       -1.19761,
       53.19323
      ],
      [
       -1.19744,
       53.19325
      ],
      [
       -1.19733,
       53.19327
      ],
      [
       -1.19719,
       53.19329
      ],
      [
       -1.19704,
       53.19334
      ],
      [
       -1.19694,
       53.19338
      ],
      [
       -1.19684,
       53.19341
      ],
      [
       -1.19674,
       53.19346
      ]
     ]
    ],
    "type": "MultiLineString"
   },
   "properties": {
    "council": "Derbyshire County Council",
    "current": "Claimed BOAT 31",
    "details": {
     "stage": "Consultation in progress"
    },
    "kind": "dmmo-application",
    "parish": "Shirebrook",
    "ref": "03076",
    "seeks": null,
    "source": "derbyshire-applications",
    "state": "open",
    "ways": []
   },
   "type": "Feature"
  },
  {
   "geometry": {
    "coordinates": [
     [
      [
       -1.22266,
       53.19066
      ],
      [
       -1.22282,
       53.19088
      ],
      [
       -1.22301,
       53.19113
      ],
      [
       -1.22312,
       53.19128
      ],
      [
       -1.22329,
       53.19147
      ],
      [
       -1.22345,
       53.19167
      ],
      [
       -1.22353,
       53.19178
      ],
      [
       -1.22359,
       53.19188
      ],
      [
       -1.22362,
       53.19193
      ],
      [
       -1.22366,
       53.19206
      ],
      [
       -1.22368,
       53.19216
      ],
      [
       -1.22368,
       53.19223
      ],
      [
       -1.22369,
       53.19228
      ],
      [
       -1.22371,
       53.19234
      ],
      [
       -1.22374,
       53.19239
      ],
      [
       -1.2238,
       53.19245
      ],
      [
       -1.22386,
       53.19252
      ],
      [
       -1.22389,
       53.19258
      ],
      [
       -1.22396,
       53.19273
      ],
      [
       -1.22404,
       53.19293
      ],
      [
       -1.22407,
       53.19304
      ],
      [
       -1.22413,
       53.19333
      ],
      [
       -1.22422,
       53.19357
      ],
      [
       -1.22425,
       53.19369
      ],
      [
       -1.2243,
       53.19389
      ],
      [
       -1.22432,
       53.19401
      ],
      [
       -1.22434,
       53.19406
      ],
      [
       -1.22437,
       53.19411
      ],
      [
       -1.22442,
       53.19417
      ],
      [
       -1.22445,
       53.19421
      ],
      [
       -1.2245,
       53.19426
      ],
      [
       -1.22465,
       53.19444
      ],
      [
       -1.22474,
       53.19457
      ],
      [
       -1.22481,
       53.19467
      ],
      [
       -1.22491,
       53.19486
      ],
      [
       -1.22498,
       53.19497
      ],
      [
       -1.22502,
       53.19506
      ],
      [
       -1.22506,
       53.19516
      ],
      [
       -1.22508,
       53.19523
      ],
      [
       -1.22509,
       53.19535
      ],
      [
       -1.22507,
       53.19548
      ],
      [
       -1.22504,
       53.19558
      ],
      [
       -1.22503,
       53.19564
      ],
      [
       -1.22501,
       53.19572
      ],
      [
       -1.22498,
       53.19581
      ],
      [
       -1.22496,
       53.19585
      ],
      [
       -1.22491,
       53.19592
      ]
     ],
     [
      [
       -1.22491,
       53.19592
      ],
      [
       -1.2249,
       53.19595
      ],
      [
       -1.22478,
       53.19612
      ],
      [
       -1.22469,
       53.19627
      ],
      [
       -1.22458,
       53.19643
      ],
      [
       -1.22447,
       53.19662
      ],
      [
       -1.22434,
       53.19681
      ],
      [
       -1.22427,
       53.19692
      ],
      [
       -1.22424,
       53.19699
      ],
      [
       -1.22422,
       53.19704
      ],
      [
       -1.22422,
       53.19708
      ],
      [
       -1.22422,
       53.19725
      ],
      [
       -1.22424,
       53.19735
      ],
      [
       -1.22426,
       53.1975
      ]
     ]
    ],
    "type": "MultiLineString"
   },
   "properties": {
    "council": "Derbyshire County Council",
    "current": "Claimed BOAT 32",
    "details": {
     "stage": "Consultation in progress"
    },
    "kind": "dmmo-application",
    "parish": "Shirebrook",
    "ref": "03077",
    "seeks": "Add BOAT",
    "source": "derbyshire-applications",
    "state": "open",
    "ways": []
   },
   "type": "Feature"
  },
  {
   "geometry": {
    "coordinates": [
     [
      [
       -1.40524,
       53.19965
      ],
      [
       -1.40512,
       53.19964
      ],
      [
       -1.40498,
       53.1996
      ],
      [
       -1.40473,
       53.19948
      ],
      [
       -1.40449,
       53.19938
      ],
      [
       -1.40436,
       53.19934
      ],
      [
       -1.40419,
       53.1993
      ],
      [
       -1.40386,
       53.19922
      ],
      [
       -1.40363,
       53.19918
      ],
      [
       -1.40334,
       53.19913
      ]
     ],
     [
      [
       -1.41792,
       53.20054
      ],
      [
       -1.41767,
       53.20056
      ],
      [
       -1.41736,
       53.20059
      ],
      [
       -1.41648,
       53.20067
      ],
      [
       -1.41621,
       53.20068
      ],
      [
       -1.41606,
       53.20067
      ],
      [
       -1.41578,
       53.20059
      ],
      [
       -1.41555,
       53.2005
      ],
      [
       -1.41533,
       53.20038
      ],
      [
       -1.41496,
       53.20021
      ],
      [
       -1.41473,
       53.20016
      ],
      [
       -1.41406,
       53.20002
      ],
      [
       -1.41355,
       53.19992
      ],
      [
       -1.41324,
       53.19987
      ],
      [
       -1.41301,
       53.19982
      ],
      [
       -1.41284,
       53.19977
      ],
      [
       -1.41228,
       53.1996
      ],
      [
       -1.41182,
       53.19941
      ],
      [
       -1.41118,
       53.19914
      ],
      [
       -1.4108,
       53.19899
      ],
      [
       -1.41054,
       53.19888
      ],
      [
       -1.41019,
       53.19872
      ],
      [
       -1.41003,
       53.19868
      ],
      [
       -1.40988,
       53.19868
      ],
      [
       -1.40962,
       53.19873
      ],
      [
       -1.40925,
       53.1988
      ],
      [
       -1.40871,
       53.19893
      ],
      [
       -1.40773,
       53.19915
      ]
     ],
     [
      [
       -1.40773,
       53.19915
      ],
      [
       -1.40691,
       53.19932
      ]
     ],
     [
      [
       -1.40691,
       53.19932
      ],
      [
       -1.40666,
       53.19939
      ],
      [
       -1.40635,
       53.19947
      ],
      [
       -1.40593,
       53.19959
      ],
      [
       -1.40577,
       53.19963
      ],
      [
       -1.40561,
       53.19965
      ],
      [
       -1.40524,
       53.19965
      ]
     ]
    ],
    "type": "MultiLineString"
   },
   "properties": {
    "council": "Derbyshire County Council",
    "current": "Claimed BOAT 23",
    "details": {
     "stage": "Officer Recommendation Approved"
    },
    "kind": "dmmo-application",
    "parish": "Grassmoor, Hasland and Winsick",
    "ref": "03089",
    "seeks": "Add BOAT",
    "source": "derbyshire-applications",
    "state": "open",
    "ways": []
   },
   "type": "Feature"
  },
  {
   "geometry": {
    "coordinates": [
     [
      -1.69838,
      53.01351
     ],
     [
      -1.6983,
      53.0138
     ],
     [
      -1.69818,
      53.01441
     ],
     [
      -1.69814,
      53.01464
     ],
     [
      -1.6982,
      53.0147
     ],
     [
      -1.6984,
      53.01475
     ],
     [
      -1.69854,
      53.01479
     ],
     [
      -1.69876,
      53.01485
     ],
     [
      -1.69887,
      53.0149
     ],
     [
      -1.69897,
      53.01498
     ],
     [
      -1.69911,
      53.01509
     ],
     [
      -1.69921,
      53.0152
     ],
     [
      -1.69935,
      53.01531
     ],
     [
      -1.69978,
      53.01562
     ],
     [
      -1.69993,
      53.01573
     ],
     [
      -1.70025,
      53.01597
     ],
     [
      -1.70042,
      53.01609
     ],
     [
      -1.70059,
      53.01619
     ],
     [
      -1.70071,
      53.01629
     ],
     [
      -1.70084,
      53.01648
     ],
     [
      -1.7009,
      53.01656
     ],
     [
      -1.70095,
      53.01663
     ],
     [
      -1.70106,
      53.01673
     ],
     [
      -1.70118,
      53.01682
     ],
     [
      -1.70128,
      53.01691
     ],
     [
      -1.70139,
      53.01704
     ],
     [
      -1.70143,
      53.01708
     ]
    ],
    "type": "LineString"
   },
   "properties": {
    "council": "Derbyshire County Council",
    "current": "Claimed BOAT 30",
    "details": {
     "stage": "Awaiting action"
    },
    "kind": "dmmo-application",
    "parish": "Offcote and Underwood",
    "ref": "03092",
    "seeks": "Add Byway",
    "source": "derbyshire-applications",
    "state": "open",
    "ways": []
   },
   "type": "Feature"
  },
  {
   "geometry": {
    "coordinates": [
     [
      [
       -1.73762,
       53.12188
      ],
      [
       -1.73779,
       53.12195
      ],
      [
       -1.73813,
       53.12207
      ],
      [
       -1.73868,
       53.1223
      ],
      [
       -1.73926,
       53.12253
      ],
      [
       -1.73988,
       53.12282
      ],
      [
       -1.74175,
       53.12357
      ],
      [
       -1.74264,
       53.12394
      ],
      [
       -1.74346,
       53.12428
      ],
      [
       -1.74422,
       53.12459
      ]
     ],
     [
      [
       -1.74422,
       53.12459
      ],
      [
       -1.74497,
       53.1249
      ],
      [
       -1.74529,
       53.12498
      ],
      [
       -1.74549,
       53.125
      ],
      [
       -1.74616,
       53.12507
      ],
      [
       -1.74683,
       53.12515
      ],
      [
       -1.74711,
       53.12518
      ],
      [
       -1.7473,
       53.12523
      ],
      [
       -1.74746,
       53.12528
      ],
      [
       -1.74767,
       53.1254
      ],
      [
       -1.748,
       53.12558
      ],
      [
       -1.74877,
       53.12603
      ],
      [
       -1.74935,
       53.12636
      ],
      [
       -1.75051,
       53.12704
      ],
      [
       -1.75152,
       53.12763
      ],
      [
       -1.75228,
       53.12806
      ],
      [
       -1.75318,
       53.12857
      ],
      [
       -1.75388,
       53.12898
      ],
      [
       -1.75458,
       53.1294
      ]
     ]
    ],
    "type": "MultiLineString"
   },
   "properties": {
    "council": "Derbyshire County Council",
    "current": "Claimed BOAT 37",
    "details": {
     "stage": "Officer Recommendation Approved"
    },
    "kind": "dmmo-application",
    "parish": "Hartington Nether Quarter",
    "ref": "03094",
    "seeks": null,
    "source": "derbyshire-applications",
    "state": "open",
    "ways": []
   },
   "type": "Feature"
  },
  {
   "geometry": {
    "coordinates": [
     [
      [
       -1.6948,
       53.08894
      ],
      [
       -1.69473,
       53.08895
      ],
      [
       -1.69463,
       53.08895
      ],
      [
       -1.69453,
       53.08895
      ],
      [
       -1.69443,
       53.08895
      ],
      [
       -1.69433,
       53.08894
      ],
      [
       -1.69423,
       53.08892
      ],
      [
       -1.69414,
       53.0889
      ],
      [
       -1.69408,
       53.08888
      ],
      [
       -1.69398,
       53.08884
      ],
      [
       -1.69392,
       53.0888
      ],
      [
       -1.69386,
       53.08876
      ],
      [
       -1.69374,
       53.08865
      ],
      [
       -1.69363,
       53.08855
      ],
      [
       -1.69358,
       53.0885
      ],
      [
       -1.69352,
       53.08846
      ],
      [
       -1.69348,
       53.08844
      ],
      [
       -1.69342,
       53.0884
      ],
      [
       -1.69332,
       53.08835
      ],
      [
       -1.6932,
       53.08829
      ],
      [
       -1.69302,
       53.08821
      ],
      [
       -1.6929,
       53.08816
      ],
      [
       -1.69283,
       53.08812
      ],
      [
       -1.69273,
       53.08807
      ],
      [
       -1.69262,
       53.088
      ],
      [
       -1.69256,
       53.08796
      ],
      [
       -1.69251,
       53.08793
      ],
      [
       -1.69245,
       53.0879
      ],
      [
       -1.69237,
       53.08787
      ],
      [
       -1.69224,
       53.08781
      ],
      [
       -1.69216,
       53.08776
      ],
      [
       -1.69211,
       53.08774
      ],
      [
       -1.69207,
       53.08771
      ],
      [
       -1.69203,
       53.08769
      ],
      [
       -1.69201,
       53.08767
      ],
      [
       -1.69196,
       53.08762
      ],
      [
       -1.6919,
       53.08758
      ],
      [
       -1.6918,
       53.08751
      ],
      [
       -1.69172,
       53.08743
      ],
      [
       -1.69137,
       53.08729
      ],
      [
       -1.69113,
       53.08714
      ],
      [
       -1.69074,
       53.08695
      ],
      [
       -1.69046,
       53.08686
      ],
      [
       -1.69006,
       53.08673
      ]
     ],
     [
      [
       -1.69006,
       53.08673
      ],
      [
       -1.68978,
       53.08667
      ],
      [
       -1.6894,
       53.08665
      ],
      [
       -1.68894,
       53.08669
      ],
      [
       -1.68845,
       53.0868
      ],
      [
       -1.68807,
       53.08685
      ],
      [
       -1.68779,
       53.08693
      ],
      [
       -1.687,
       53.08733
      ],
      [
       -1.68661,
       53.08748
      ],
      [
       -1.68592,
       53.08762
      ],
      [
       -1.68558,
       53.08769
      ]
     ]
    ],
    "type": "MultiLineString"
   },
   "properties": {
    "council": "Derbyshire County Council",
    "current": "Claimed BOAT 10",
    "details": {
     "stage": "Officer Recommendation Approved"
    },
    "kind": "dmmo-application",
    "parish": "Ballidon",
    "ref": "03097",
    "seeks": "Add BOAT",
    "source": "derbyshire-applications",
    "state": "open",
    "ways": []
   },
   "type": "Feature"
  },
  {
   "geometry": {
    "coordinates": [
     [
      [
       -1.68969,
       53.05373
      ],
      [
       -1.68959,
       53.05383
      ],
      [
       -1.68955,
       53.05393
      ],
      [
       -1.68954,
       53.0541
      ],
      [
       -1.68955,
       53.05428
      ],
      [
       -1.68957,
       53.05441
      ],
      [
       -1.68959,
       53.05454
      ]
     ],
     [
      [
       -1.68959,
       53.05454
      ],
      [
       -1.68963,
       53.05481
      ],
      [
       -1.68963,
       53.05495
      ],
      [
       -1.6896,
       53.0551
      ],
      [
       -1.68951,
       53.05536
      ],
      [
       -1.68943,
       53.05564
      ],
      [
       -1.68937,
       53.0559
      ],
      [
       -1.68933,
       53.05611
      ],
      [
       -1.68927,
       53.05615
      ]
     ],
     [
      [
       -1.68927,
       53.05615
      ],
      [
       -1.68912,
       53.0563
      ],
      [
       -1.689,
       53.05644
      ],
      [
       -1.68885,
       53.05664
      ],
      [
       -1.68871,
       53.05682
      ],
      [
       -1.68848,
       53.05703
      ],
      [
       -1.68827,
       53.05718
      ],
      [
       -1.68818,
       53.05723
      ],
      [
       -1.68795,
       53.05732
      ],
      [
       -1.68776,
       53.05738
      ],
      [
       -1.68752,
       53.05744
      ]
     ],
     [
      [
       -1.68752,
       53.05744
      ],
      [
       -1.68727,
       53.0575
      ],
      [
       -1.68683,
       53.05758
      ],
      [
       -1.68662,
       53.05763
      ],
      [
       -1.68651,
       53.05768
      ],
      [
       -1.68633,
       53.05774
      ],
      [
       -1.68619,
       53.05783
      ],
      [
       -1.6859,
       53.05798
      ],
      [
       -1.68569,
       53.05812
      ],
      [
       -1.68551,
       53.05825
      ],
      [
       -1.68528,
       53.05843
      ],
      [
       -1.68511,
       53.05862
      ],
      [
       -1.68492,
       53.05882
      ],
      [
       -1.68467,
       53.05905
      ],
      [
       -1.68432,
       53.05931
      ],
      [
       -1.68411,
       53.05949
      ],
      [
       -1.68386,
       53.05972
      ],
      [
       -1.68352,
       53.06
      ],
      [
       -1.68334,
       53.06019
      ],
      [
       -1.68317,
       53.06036
      ],
      [
       -1.68305,
       53.06049
      ]
     ]
    ],
    "type": "MultiLineString"
   },
   "properties": {
    "council": "Derbyshire County Council",
    "current": "Claimed BOAT 41",
    "details": {
     "stage": "Awaiting action"
    },
    "kind": "dmmo-application",
    "parish": "Kniveton",
    "ref": "03099",
    "seeks": "Add BOAT",
    "source": "derbyshire-applications",
    "state": "open",
    "ways": []
   },
   "type": "Feature"
  },
  {
   "geometry": {
    "coordinates": [
     [
      [
       -1.70132,
       53.06344
      ],
      [
       -1.70136,
       53.06347
      ],
      [
       -1.70159,
       53.06363
      ],
      [
       -1.70171,
       53.06372
      ],
      [
       -1.70182,
       53.06382
      ],
      [
       -1.70195,
       53.06405
      ],
      [
       -1.70213,
       53.06438
      ],
      [
       -1.70222,
       53.06454
      ],
      [
       -1.70236,
       53.06479
      ],
      [
       -1.70239,
       53.06486
      ],
      [
       -1.7024,
       53.06492
      ],
      [
       -1.7024,
       53.065
      ],
      [
       -1.70234,
       53.06516
      ],
      [
       -1.70231,
       53.06524
      ],
      [
       -1.70223,
       53.0655
      ],
      [
       -1.7022,
       53.06562
      ],
      [
       -1.70217,
       53.06571
      ],
      [
       -1.70213,
       53.0658
      ],
      [
       -1.70207,
       53.06594
      ]
     ],
     [
      [
       -1.69989,
       53.05419
      ],
      [
       -1.69978,
       53.05429
      ],
      [
       -1.69968,
       53.05441
      ],
      [
       -1.69959,
       53.05459
      ],
      [
       -1.69945,
       53.05484
      ],
      [
       -1.69936,
       53.05499
      ],
      [
       -1.69928,
       53.05512
      ],
      [
       -1.69916,
       53.05531
      ],
      [
       -1.69907,
       53.05548
      ],
      [
       -1.69902,
       53.0556
      ],
      [
       -1.69902,
       53.05568
      ],
      [
       -1.69908,
       53.05597
      ],
      [
       -1.69912,
       53.05611
      ],
      [
       -1.6992,
       53.05626
      ],
      [
       -1.69929,
       53.05636
      ],
      [
       -1.69941,
       53.05647
      ],
      [
       -1.69951,
       53.05658
      ],
      [
       -1.69961,
       53.05673
      ],
      [
       -1.69979,
       53.05698
      ],
      [
       -1.69996,
       53.0572
      ],
      [
       -1.70005,
       53.05729
      ],
      [
       -1.70022,
       53.05745
      ],
      [
       -1.70041,
       53.05761
      ],
      [
       -1.70063,
       53.05779
      ],
      [
       -1.70083,
       53.05796
      ],
      [
       -1.70095,
       53.05808
      ],
      [
       -1.70108,
       53.05823
      ],
      [
       -1.70116,
       53.05833
      ],
      [
       -1.70118,
       53.0584
      ],
      [
       -1.70121,
       53.0585
      ],
      [
       -1.7012,
       53.05864
      ],
      [
       -1.70119,
       53.05882
      ],
      [
       -1.70117,
       53.05908
      ],
      [
       -1.70115,
       53.05917
      ],
      [
       -1.70106,
       53.05956
      ],
      [
       -1.701,
       53.05978
      ],
      [
       -1.70095,
       53.05996
      ],
      [
       -1.70092,
       53.06015
      ],
      [
       -1.70093,
       53.0603
      ],
      [
       -1.70095,
       53.0605
      ],
      [
       -1.70098,
       53.06069
      ],
      [
       -1.70104,
       53.06104
      ],
      [
       -1.70106,
       53.06117
      ],
      [
       -1.70108,
       53.06135
      ]
     ],
     [
      [
       -1.70108,
       53.06135
      ],
      [
       -1.70109,
       53.06144
      ],
      [
       -1.70106,
       53.06155
      ],
      [
       -1.70104,
       53.06185
      ],
      [
       -1.70105,
       53.06199
      ],
      [
       -1.70105,
       53.06208
      ],
      [
       -1.70107,
       53.06221
      ],
      [
       -1.7011,
       53.06231
      ],
      [
       -1.70111,
       53.06253
      ],
      [
       -1.70114,
       53.06281
      ],
      [
       -1.70116,
       53.06294
      ],
      [
       -1.70119,
       53.06313
      ],
      [
       -1.70125,
       53.0633
      ],
      [
       -1.7013,
       53.0634
      ],
      [
       -1.70132,
       53.06344
      ]
     ]
    ],
    "type": "MultiLineString"
   },
   "properties": {
    "council": "Derbyshire County Council",
    "current": "Claimed BOAT 22",
    "details": {
     "stage": "Awaiting action"
    },
    "kind": "dmmo-application",
    "parish": "Bradbourne",
    "ref": "03103",
    "seeks": "Add Byway",
    "source": "derbyshire-applications",
    "state": "open",
    "ways": []
   },
   "type": "Feature"
  },
  {
   "geometry": {
    "coordinates": [
     [
      [
       -1.68169,
       53.06434
      ],
      [
       -1.68157,
       53.0645
      ],
      [
       -1.68142,
       53.0647
      ],
      [
       -1.68127,
       53.06491
      ],
      [
       -1.68114,
       53.06511
      ],
      [
       -1.68106,
       53.06529
      ],
      [
       -1.68102,
       53.06539
      ],
      [
       -1.68102,
       53.06555
      ],
      [
       -1.68103,
       53.06569
      ],
      [
       -1.68105,
       53.06583
      ],
      [
       -1.68108,
       53.06597
      ],
      [
       -1.68111,
       53.06624
      ],
      [
       -1.68113,
       53.06635
      ],
      [
       -1.68122,
       53.0666
      ],
      [
       -1.68125,
       53.06666
      ],
      [
       -1.68127,
       53.06675
      ],
      [
       -1.68128,
       53.06681
      ],
      [
       -1.68125,
       53.06687
      ],
      [
       -1.68122,
       53.06691
      ],
      [
       -1.68114,
       53.06699
      ],
      [
       -1.68105,
       53.06706
      ],
      [
       -1.68094,
       53.06718
      ],
      [
       -1.68087,
       53.06729
      ],
      [
       -1.68081,
       53.06741
      ],
      [
       -1.68077,
       53.06747
      ],
      [
       -1.6807,
       53.06753
      ],
      [
       -1.68054,
       53.06765
      ],
      [
       -1.68039,
       53.06777
      ],
      [
       -1.68033,
       53.06784
      ],
      [
       -1.68031,
       53.0679
      ],
      [
       -1.6803,
       53.06793
      ]
     ],
     [
      [
       -1.68305,
       53.06049
      ],
      [
       -1.68288,
       53.06066
      ],
      [
       -1.68287,
       53.06072
      ],
      [
       -1.68275,
       53.06094
      ],
      [
       -1.68253,
       53.0613
      ],
      [
       -1.6824,
       53.06151
      ],
      [
       -1.68214,
       53.06205
      ],
      [
       -1.68195,
       53.06233
      ],
      [
       -1.68189,
       53.0625
      ],
      [
       -1.68182,
       53.06273
      ],
      [
       -1.6818,
       53.06292
      ],
      [
       -1.6818,
       53.06309
      ],
      [
       -1.68182,
       53.06315
      ],
      [
       -1.6819,
       53.06328
      ],
      [
       -1.68196,
       53.06337
      ],
      [
       -1.68199,
       53.06343
      ],
      [
       -1.682,
       53.0635
      ],
      [
       -1.682,
       53.06363
      ],
      [
       -1.68197,
       53.06375
      ],
      [
       -1.68189,
       53.06396
      ],
      [
       -1.68186,
       53.06408
      ],
      [
       -1.68182,
       53.06417
      ],
      [
       -1.68172,
       53.0643
      ]
     ]
    ],
    "type": "MultiLineString"
   },
   "properties": {
    "council": "Derbyshire County Council",
    "current": "Claimed BOAT 21",
    "details": {
     "stage": "Awaiting action"
    },
    "kind": "dmmo-application",
    "parish": "Bradbourne",
    "ref": "03104",
    "seeks": "Add BOAT",
    "source": "derbyshire-applications",
    "state": "open",
    "ways": []
   },
   "type": "Feature"
  },
  {
   "geometry": {
    "coordinates": [
     [
      -1.69081,
      53.0376
     ],
     [
      -1.69104,
      53.03758
     ],
     [
      -1.69135,
      53.03754
     ],
     [
      -1.69162,
      53.03751
     ],
     [
      -1.69179,
      53.03749
     ],
     [
      -1.69194,
      53.03748
     ],
     [
      -1.69211,
      53.03747
     ],
     [
      -1.69226,
      53.03745
     ],
     [
      -1.69236,
      53.03742
     ],
     [
      -1.69265,
      53.03733
     ],
     [
      -1.6928,
      53.03729
     ],
     [
      -1.693,
      53.03724
     ],
     [
      -1.6931,
      53.03722
     ],
     [
      -1.69337,
      53.0372
     ],
     [
      -1.69365,
      53.03721
     ],
     [
      -1.69384,
      53.03722
     ],
     [
      -1.69401,
      53.03723
     ],
     [
      -1.69416,
      53.03722
     ],
     [
      -1.69428,
      53.03721
     ],
     [
      -1.6945,
      53.03721
     ],
     [
      -1.6946,
      53.03722
     ],
     [
      -1.69474,
      53.03724
     ],
     [
      -1.69502,
      53.03729
     ],
     [
      -1.69523,
      53.03733
     ],
     [
      -1.69534,
      53.03735
     ],
     [
      -1.69549,
      53.03738
     ],
     [
      -1.69571,
      53.03741
     ],
     [
      -1.69583,
      53.03744
     ],
     [
      -1.69599,
      53.03746
     ],
     [
      -1.69617,
      53.03749
     ],
     [
      -1.69631,
      53.0375
     ],
     [
      -1.69649,
      53.0375
     ],
     [
      -1.69666,
      53.03751
     ],
     [
      -1.6968,
      53.03754
     ],
     [
      -1.69689,
      53.03756
     ],
     [
      -1.69698,
      53.03759
     ],
     [
      -1.69709,
      53.03763
     ],
     [
      -1.69721,
      53.03767
     ],
     [
      -1.6973,
      53.03769
     ],
     [
      -1.69734,
      53.0377
     ],
     [
      -1.69739,
      53.03769
     ],
     [
      -1.69748,
      53.03766
     ],
     [
      -1.69758,
      53.03764
     ],
     [
      -1.69766,
      53.03762
     ],
     [
      -1.6978,
      53.03762
     ],
     [
      -1.69792,
      53.03762
     ],
     [
      -1.69802,
      53.03759
     ],
     [
      -1.69831,
      53.03752
     ],
     [
      -1.69863,
      53.03744
     ],
     [
      -1.69934,
      53.0373
     ],
     [
      -1.6996,
      53.03725
     ],
     [
      -1.70039,
      53.03707
     ],
     [
      -1.70084,
      53.03698
     ],
     [
      -1.70125,
      53.03689
     ],
     [
      -1.70151,
      53.03683
     ],
     [
      -1.70165,
      53.03689
     ],
     [
      -1.70197,
      53.03704
     ],
     [
      -1.70263,
      53.03732
     ],
     [
      -1.70288,
      53.03744
     ],
     [
      -1.70342,
      53.03766
     ],
     [
      -1.7039,
      53.03782
     ],
     [
      -1.7042,
      53.03792
     ],
     [
      -1.70437,
      53.03798
     ],
     [
      -1.70453,
      53.03808
     ],
     [
      -1.70522,
      53.03848
     ],
     [
      -1.70563,
      53.03873
     ],
     [
      -1.70606,
      53.03899
     ],
     [
      -1.70629,
      53.03912
     ],
     [
      -1.70645,
      53.03917
     ],
     [
      -1.70657,
      53.03919
     ],
     [
      -1.70676,
      53.03921
     ],
     [
      -1.70698,
      53.03922
     ],
     [
      -1.70722,
      53.03922
     ],
     [
      -1.70767,
      53.03924
     ],
     [
      -1.70822,
      53.03926
     ]
    ],
    "type": "LineString"
   },
   "properties": {
    "council": "Derbyshire County Council",
    "current": null,
    "details": {
     "stage": "Passed to Planning Inspectorate"
    },
    "kind": "dmmo-application",
    "parish": "Kniveton",
    "ref": "03106",
    "seeks": "Add Byway Open to All Traffic",
    "source": "derbyshire-applications",
    "state": "open",
    "ways": []
   },
   "type": "Feature"
  },
  {
   "geometry": {
    "coordinates": [
     [
      [
       -1.5543,
       53.07212
      ],
      [
       -1.55424,
       53.07214
      ],
      [
       -1.55405,
       53.07216
      ],
      [
       -1.55373,
       53.07217
      ],
      [
       -1.55359,
       53.07217
      ],
      [
       -1.55329,
       53.07216
      ],
      [
       -1.553,
       53.07216
      ],
      [
       -1.55267,
       53.07212
      ],
      [
       -1.55243,
       53.07209
      ],
      [
       -1.55192,
       53.072
      ],
      [
       -1.55163,
       53.07195
      ],
      [
       -1.5514,
       53.07193
      ],
      [
       -1.55108,
       53.0719
      ],
      [
       -1.55081,
       53.07188
      ],
      [
       -1.55031,
       53.07184
      ],
      [
       -1.54952,
       53.07179
      ],
      [
       -1.54929,
       53.07178
      ],
      [
       -1.54918,
       53.07179
      ],
      [
       -1.54914,
       53.0718
      ]
     ],
     [
      [
       -1.54914,
       53.0718
      ],
      [
       -1.54908,
       53.07188
      ],
      [
       -1.54892,
       53.07209
      ],
      [
       -1.54869,
       53.0724
      ],
      [
       -1.54818,
       53.07307
      ],
      [
       -1.54808,
       53.0732
      ],
      [
       -1.54804,
       53.07322
      ],
      [
       -1.548,
       53.07322
      ]
     ]
    ],
    "type": "MultiLineString"
   },
   "properties": {
    "council": "Derbyshire County Council",
    "current": "Claimed BOAT 99",
    "details": {
     "stage": "Awaiting action"
    },
    "kind": "dmmo-application",
    "parish": "Wirksworth",
    "ref": "03111",
    "seeks": null,
    "source": "derbyshire-applications",
    "state": "open",
    "ways": []
   },
   "type": "Feature"
  },
  {
   "geometry": {
    "coordinates": [
     [
      [
       -1.74147,
       53.11541
      ],
      [
       -1.74121,
       53.11548
      ],
      [
       -1.74089,
       53.11555
      ],
      [
       -1.74051,
       53.1156
      ],
      [
       -1.74004,
       53.11567
      ],
      [
       -1.73979,
       53.1157
      ],
      [
       -1.73957,
       53.11573
      ],
      [
       -1.73927,
       53.11578
      ],
      [
       -1.73896,
       53.11583
      ],
      [
       -1.73865,
       53.11585
      ],
      [
       -1.73842,
       53.11588
      ],
      [
       -1.73826,
       53.11589
      ],
      [
       -1.73802,
       53.11592
      ],
      [
       -1.73774,
       53.11596
      ],
      [
       -1.7376,
       53.11599
      ],
      [
       -1.73747,
       53.116
      ],
      [
       -1.73721,
       53.11608
      ],
      [
       -1.73695,
       53.11611
      ],
      [
       -1.73652,
       53.11614
      ],
      [
       -1.73629,
       53.11616
      ],
      [
       -1.73595,
       53.1162
      ],
      [
       -1.73558,
       53.11624
      ],
      [
       -1.73521,
       53.11628
      ],
      [
       -1.73486,
       53.11633
      ],
      [
       -1.73455,
       53.11636
      ],
      [
       -1.73402,
       53.11639
      ],
      [
       -1.73379,
       53.1164
      ],
      [
       -1.73364,
       53.11642
      ],
      [
       -1.7331,
       53.11651
      ],
      [
       -1.73248,
       53.11657
      ],
      [
       -1.73175,
       53.11664
      ],
      [
       -1.73157,
       53.1166
      ]
     ],
     [
      [
       -1.73157,
       53.1166
      ],
      [
       -1.73143,
       53.11657
      ],
      [
       -1.73109,
       53.11657
      ],
      [
       -1.7307,
       53.11656
      ],
      [
       -1.73023,
       53.11655
      ],
      [
       -1.72993,
       53.11654
      ],
      [
       -1.7297,
       53.11652
      ],
      [
       -1.72907,
       53.11649
      ],
      [
       -1.7288,
       53.11647
      ],
      [
       -1.72826,
       53.1165
      ],
      [
       -1.72795,
       53.11651
      ],
      [
       -1.72733,
       53.11652
      ],
      [
       -1.72699,
       53.11653
      ],
      [
       -1.7267,
       53.11653
      ],
      [
       -1.72628,
       53.11656
      ],
      [
       -1.72604,
       53.11658
      ],
      [
       -1.72584,
       53.11661
      ],
      [
       -1.72568,
       53.11665
      ],
      [
       -1.72546,
       53.11668
      ],
      [
       -1.72538,
       53.1167
      ],
      [
       -1.72525,
       53.11676
      ],
      [
       -1.72514,
       53.11682
      ],
      [
       -1.72496,
       53.11691
      ],
      [
       -1.72483,
       53.117
      ],
      [
       -1.72472,
       53.11708
      ],
      [
       -1.72459,
       53.11712
      ]
     ]
    ],
    "type": "MultiLineString"
   },
   "properties": {
    "council": "Derbyshire County Council",
    "current": "Claimed BOAT 40",
    "details": {
     "stage": "Report in Progress"
    },
    "kind": "dmmo-application",
    "parish": "Parwich",
    "ref": "03112",
    "seeks": "Add BOAT",
    "source": "derbyshire-applications",
    "state": "open",
    "ways": []
   },
   "type": "Feature"
  },
  {
   "geometry": {
    "coordinates": [
     [
      [
       -1.70562,
       53.11564
      ],
      [
       -1.70601,
       53.11571
      ],
      [
       -1.70651,
       53.11581
      ],
      [
       -1.70754,
       53.11599
      ],
      [
       -1.70837,
       53.11612
      ],
      [
       -1.70888,
       53.11621
      ],
      [
       -1.7095,
       53.11631
      ],
      [
       -1.70998,
       53.11638
      ],
      [
       -1.71071,
       53.11648
      ],
      [
       -1.71101,
       53.11653
      ],
      [
       -1.71164,
       53.11661
      ],
      [
       -1.71214,
       53.11666
      ],
      [
       -1.71236,
       53.11668
      ],
      [
       -1.71262,
       53.11669
      ],
      [
       -1.71287,
       53.11667
      ],
      [
       -1.71317,
       53.11663
      ],
      [
       -1.71352,
       53.11655
      ],
      [
       -1.71365,
       53.11652
      ],
      [
       -1.71371,
       53.1165
      ]
     ],
     [
      [
       -1.71371,
       53.1165
      ],
      [
       -1.71379,
       53.11657
      ],
      [
       -1.71384,
       53.11658
      ],
      [
       -1.71393,
       53.11659
      ],
      [
       -1.7141,
       53.11659
      ],
      [
       -1.71455,
       53.1166
      ],
      [
       -1.71501,
       53.11662
      ],
      [
       -1.71538,
       53.11662
      ],
      [
       -1.71567,
       53.11663
      ],
      [
       -1.71618,
       53.11664
      ],
      [
       -1.71656,
       53.11665
      ],
      [
       -1.71721,
       53.11667
      ],
      [
       -1.71748,
       53.11667
      ],
      [
       -1.71822,
       53.11668
      ],
      [
       -1.71874,
       53.11669
      ],
      [
       -1.71924,
       53.1167
      ],
      [
       -1.71947,
       53.1167
      ],
      [
       -1.72007,
       53.11671
      ],
      [
       -1.72073,
       53.11672
      ],
      [
       -1.72102,
       53.11674
      ]
     ],
     [
      [
       -1.72102,
       53.11674
      ],
      [
       -1.72115,
       53.11675
      ],
      [
       -1.72165,
       53.11678
      ],
      [
       -1.72192,
       53.11681
      ],
      [
       -1.72206,
       53.11683
      ],
      [
       -1.72221,
       53.11688
      ],
      [
       -1.72236,
       53.11695
      ],
      [
       -1.72252,
       53.11699
      ],
      [
       -1.72262,
       53.11701
      ],
      [
       -1.72283,
       53.11703
      ],
      [
       -1.72326,
       53.11707
      ],
      [
       -1.72348,
       53.11709
      ],
      [
       -1.72385,
       53.11712
      ],
      [
       -1.72411,
       53.11714
      ],
      [
       -1.72429,
       53.11714
      ],
      [
       -1.72449,
       53.11713
      ],
      [
       -1.72459,
       53.11712
      ]
     ],
     [
      [
       -1.72459,
       53.11712
      ],
      [
       -1.72462,
       53.11714
      ],
      [
       -1.72481,
       53.11722
      ],
      [
       -1.72518,
       53.11732
      ],
      [
       -1.72558,
       53.11742
      ],
      [
       -1.72637,
       53.11765
      ],
      [
       -1.72689,
       53.1178
      ],
      [
       -1.7277,
       53.11802
      ],
      [
       -1.72837,
       53.11822
      ],
      [
       -1.72962,
       53.11861
      ],
      [
       -1.72996,
       53.1187
      ],
      [
       -1.73038,
       53.11886
      ],
      [
       -1.73092,
       53.11907
      ],
      [
       -1.7313,
       53.11921
      ],
      [
       -1.73286,
       53.11982
      ],
      [
       -1.73415,
       53.12029
      ],
      [
       -1.73456,
       53.12047
      ],
      [
       -1.73578,
       53.12094
      ],
      [
       -1.73645,
       53.1212
      ],
      [
       -1.73695,
       53.12146
      ],
      [
       -1.73745,
       53.12177
      ],
      [
       -1.73757,
       53.12185
      ]
     ]
    ],
    "type": "MultiLineString"
   },
   "properties": {
    "council": "Derbyshire County Council",
    "current": "Claimed BOAT 12",
    "details": {
     "stage": "Officer Recommendation Approved"
    },
    "kind": "dmmo-application",
    "parish": "Ballidon",
    "ref": "03122",
    "seeks": "Add BOAT",
    "source": "derbyshire-applications",
    "state": "open",
    "ways": []
   },
   "type": "Feature"
  },
  {
   "geometry": {
    "coordinates": [
     [
      [
       -1.79199,
       53.24581
      ],
      [
       -1.79186,
       53.24626
      ],
      [
       -1.79181,
       53.24645
      ],
      [
       -1.79176,
       53.24671
      ],
      [
       -1.79173,
       53.24696
      ]
     ],
     [
      [
       -1.79173,
       53.24696
      ],
      [
       -1.79169,
       53.24722
      ],
      [
       -1.79166,
       53.24738
      ],
      [
       -1.79159,
       53.24759
      ],
      [
       -1.7916,
       53.24778
      ],
      [
       -1.79161,
       53.24792
      ],
      [
       -1.79167,
       53.24824
      ],
      [
       -1.79174,
       53.24852
      ],
      [
       -1.79182,
       53.24875
      ],
      [
       -1.79192,
       53.24901
      ],
      [
       -1.79205,
       53.24922
      ],
      [
       -1.79217,
       53.24937
      ],
      [
       -1.79236,
       53.24959
      ],
      [
       -1.79261,
       53.24993
      ],
      [
       -1.79291,
       53.25026
      ],
      [
       -1.79307,
       53.25039
      ],
      [
       -1.79319,
       53.2505
      ]
     ],
     [
      [
       -1.79319,
       53.2505
      ],
      [
       -1.79328,
       53.2505
      ],
      [
       -1.79336,
       53.25046
      ],
      [
       -1.79349,
       53.25047
      ],
      [
       -1.7939,
       53.25054
      ],
      [
       -1.79421,
       53.25062
      ],
      [
       -1.79463,
       53.25078
      ],
      [
       -1.79499,
       53.25095
      ],
      [
       -1.79528,
       53.25108
      ],
      [
       -1.79551,
       53.25118
      ],
      [
       -1.7957,
       53.25126
      ],
      [
       -1.79594,
       53.25133
      ],
      [
       -1.79639,
       53.25141
      ],
      [
       -1.7968,
       53.2515
      ],
      [
       -1.79734,
       53.25161
      ],
      [
       -1.79774,
       53.25168
      ],
      [
       -1.79793,
       53.25172
      ],
      [
       -1.79798,
       53.25175
      ],
      [
       -1.79793,
       53.25189
      ],
      [
       -1.79793,
       53.2519
      ]
     ],
     [
      [
       -1.79793,
       53.2519
      ],
      [
       -1.79783,
       53.252
      ],
      [
       -1.79774,
       53.25209
      ],
      [
       -1.79755,
       53.25225
      ],
      [
       -1.7974,
       53.25234
      ],
      [
       -1.79736,
       53.25239
      ],
      [
       -1.79736,
       53.25249
      ],
      [
       -1.79736,
       53.25258
      ],
      [
       -1.79739,
       53.25268
      ],
      [
       -1.79743,
       53.25272
      ],
      [
       -1.7975,
       53.25275
      ],
      [
       -1.79757,
       53.25276
      ],
      [
       -1.79763,
       53.25275
      ],
      [
       -1.79777,
       53.25268
      ],
      [
       -1.79807,
       53.25253
      ],
      [
       -1.79827,
       53.25245
      ],
      [
       -1.79847,
       53.25239
      ],
      [
       -1.79867,
       53.25236
      ],
      [
       -1.79897,
       53.25233
      ],
      [
       -1.79948,
       53.25229
      ]
     ],
     [
      [
       -1.79948,
       53.25229
      ],
      [
       -1.79976,
       53.25226
      ],
      [
       -1.79998,
       53.25225
      ],
      [
       -1.80035,
       53.25225
      ],
      [
       -1.80066,
       53.25222
      ],
      [
       -1.80087,
       53.2522
      ],
      [
       -1.801,
       53.25219
      ],
      [
       -1.80116,
       53.2522
      ],
      [
       -1.80131,
       53.25217
      ],
      [
       -1.80147,
       53.25216
      ],
      [
       -1.80151,
       53.25215
      ]
     ]
    ],
    "type": "MultiLineString"
   },
   "properties": {
    "council": "Derbyshire County Council",
    "current": "Claimed BOAT 65",
    "details": {
     "stage": "Draft Order & Plan in Preparation"
    },
    "kind": "dmmo-application",
    "parish": "Taddington",
    "ref": "03123",
    "seeks": "Add BOAT",
    "source": "derbyshire-applications",
    "state": "open",
    "ways": []
   },
   "type": "Feature"
  },
  {
   "geometry": {
    "coordinates": [
     [
      [
       -1.67789,
       53.11883
      ],
      [
       -1.67815,
       53.11899
      ],
      [
       -1.67837,
       53.11912
      ],
      [
       -1.67852,
       53.11919
      ],
      [
       -1.67871,
       53.11924
      ],
      [
       -1.6792,
       53.11939
      ],
      [
       -1.67966,
       53.11952
      ],
      [
       -1.6801,
       53.11964
      ],
      [
       -1.68131,
       53.11999
      ],
      [
       -1.68221,
       53.12024
      ],
      [
       -1.68342,
       53.12057
      ],
      [
       -1.68494,
       53.12099
      ]
     ],
     [
      [
       -1.68494,
       53.12099
      ],
      [
       -1.68531,
       53.12105
      ],
      [
       -1.68582,
       53.12114
      ],
      [
       -1.68649,
       53.12124
      ],
      [
       -1.68739,
       53.12138
      ],
      [
       -1.68779,
       53.12144
      ],
      [
       -1.68852,
       53.12156
      ],
      [
       -1.68954,
       53.12173
      ],
      [
       -1.69048,
       53.12187
      ],
      [
       -1.69117,
       53.12198
      ],
      [
       -1.69363,
       53.12236
      ],
      [
       -1.69509,
       53.12261
      ],
      [
       -1.69648,
       53.12281
      ],
      [
       -1.69917,
       53.12324
      ],
      [
       -1.70019,
       53.12341
      ],
      [
       -1.70118,
       53.12357
      ],
      [
       -1.70183,
       53.12366
      ],
      [
       -1.70302,
       53.12387
      ],
      [
       -1.70368,
       53.12397
      ],
      [
       -1.70435,
       53.12408
      ],
      [
       -1.70497,
       53.12419
      ],
      [
       -1.7051,
       53.12421
      ],
      [
       -1.70528,
       53.12425
      ],
      [
       -1.70539,
       53.12432
      ],
      [
       -1.70552,
       53.12444
      ],
      [
       -1.70571,
       53.12459
      ],
      [
       -1.70593,
       53.12474
      ],
      [
       -1.70625,
       53.12494
      ],
      [
       -1.70645,
       53.12506
      ],
      [
       -1.70699,
       53.12538
      ],
      [
       -1.70745,
       53.12563
      ],
      [
       -1.7077,
       53.12576
      ],
      [
       -1.70791,
       53.12586
      ],
      [
       -1.70827,
       53.12602
      ],
      [
       -1.70849,
       53.12611
      ],
      [
       -1.70867,
       53.1262
      ],
      [
       -1.70879,
       53.12628
      ],
      [
       -1.70933,
       53.12666
      ],
      [
       -1.70956,
       53.12683
      ],
      [
       -1.70995,
       53.12714
      ],
      [
       -1.71012,
       53.1273
      ],
      [
       -1.7103,
       53.12744
      ],
      [
       -1.71052,
       53.12758
      ],
      [
       -1.71074,
       53.12772
      ],
      [
       -1.71095,
       53.12786
      ],
      [
       -1.7111,
       53.12795
      ],
      [
       -1.71132,
       53.12808
      ],
      [
       -1.71159,
       53.12826
      ],
      [
       -1.71186,
       53.1284
      ],
      [
       -1.71207,
       53.1285
      ],
      [
       -1.71226,
       53.12859
      ],
      [
       -1.71267,
       53.12873
      ]
     ]
    ],
    "type": "MultiLineString"
   },
   "properties": {
    "council": "Derbyshire County Council",
    "current": "Claimed BOAT 8",
    "details": {
     "stage": "Report in Progress"
    },
    "kind": "dmmo-application",
    "parish": "Aldwark",
    "ref": "03126",
    "seeks": "Add BOAT",
    "source": "derbyshire-applications",
    "state": "open",
    "ways": []
   },
   "type": "Feature"
  },
  {
   "geometry": {
    "coordinates": [
     [
      [
       -1.66151,
       53.25864
      ],
      [
       -1.66122,
       53.25863
      ],
      [
       -1.66073,
       53.25859
      ],
      [
       -1.66036,
       53.25856
      ],
      [
       -1.65992,
       53.25851
      ],
      [
       -1.65964,
       53.25848
      ],
      [
       -1.65931,
       53.25846
      ]
     ],
     [
      [
       -1.6506,
       53.25903
      ],
      [
       -1.65019,
       53.25902
      ]
     ],
     [
      [
       -1.65019,
       53.25902
      ],
      [
       -1.64982,
       53.25902
      ],
      [
       -1.64957,
       53.25901
      ],
      [
       -1.6494,
       53.259
      ],
      [
       -1.64922,
       53.25897
      ],
      [
       -1.64914,
       53.25895
      ],
      [
       -1.64873,
       53.2589
      ],
      [
       -1.64861,
       53.25889
      ],
      [
       -1.64848,
       53.25888
      ],
      [
       -1.64824,
       53.25885
      ],
      [
       -1.64802,
       53.25881
      ],
      [
       -1.6478,
       53.2587
      ],
      [
       -1.64765,
       53.25859
      ]
     ]
    ],
    "type": "MultiLineString"
   },
   "properties": {
    "council": "Derbyshire County Council",
    "current": "Claimed BOAT 28",
    "details": {
     "stage": "Objections Received to Order"
    },
    "kind": "dmmo-application",
    "parish": "Calver",
    "ref": "03132",
    "seeks": "Creates a Byway Open to all Traffic",
    "source": "derbyshire-applications",
    "state": "open",
    "ways": []
   },
   "type": "Feature"
  },
  {
   "geometry": {
    "coordinates": [
     [
      -1.80151,
      53.25215
     ],
     [
      -1.80151,
      53.25231
     ],
     [
      -1.80153,
      53.25253
     ],
     [
      -1.8015,
      53.25268
     ],
     [
      -1.80145,
      53.25282
     ],
     [
      -1.80132,
      53.25302
     ],
     [
      -1.80119,
      53.25314
     ],
     [
      -1.80103,
      53.25327
     ],
     [
      -1.80083,
      53.25339
     ],
     [
      -1.80072,
      53.25348
     ],
     [
      -1.80071,
      53.25351
     ],
     [
      -1.80072,
      53.25357
     ],
     [
      -1.80077,
      53.2537
     ],
     [
      -1.80083,
      53.25382
     ],
     [
      -1.80091,
      53.25399
     ],
     [
      -1.80092,
      53.25411
     ],
     [
      -1.80091,
      53.25427
     ],
     [
      -1.80091,
      53.25446
     ],
     [
      -1.8009,
      53.25455
     ],
     [
      -1.80079,
      53.25474
     ],
     [
      -1.80068,
      53.25492
     ],
     [
      -1.80061,
      53.25503
     ],
     [
      -1.80045,
      53.25513
     ],
     [
      -1.80033,
      53.25519
     ],
     [
      -1.80007,
      53.25529
     ],
     [
      -1.7998,
      53.2554
     ],
     [
      -1.79973,
      53.25543
     ]
    ],
    "type": "LineString"
   },
   "properties": {
    "council": "Derbyshire County Council",
    "current": "Claimed BOAT 66",
    "details": {
     "stage": "Draft Order & Plan in Preparation"
    },
    "kind": "dmmo-application",
    "parish": "Taddington",
    "ref": "03135",
    "seeks": "Add BOAT to Non Classified Highway",
    "source": "derbyshire-applications",
    "state": "open",
    "ways": []
   },
   "type": "Feature"
  },
  {
   "geometry": {
    "coordinates": [
     [
      [
       -1.79832,
       53.23882
      ],
      [
       -1.79858,
       53.2392
      ],
      [
       -1.79913,
       53.23997
      ],
      [
       -1.80031,
       53.24158
      ]
     ],
     [
      [
       -1.80031,
       53.24158
      ],
      [
       -1.80102,
       53.24254
      ],
      [
       -1.80123,
       53.24288
      ],
      [
       -1.80168,
       53.24342
      ],
      [
       -1.80181,
       53.24363
      ],
      [
       -1.80187,
       53.24373
      ],
      [
       -1.80207,
       53.24446
      ],
      [
       -1.80217,
       53.24502
      ],
      [
       -1.80218,
       53.24536
      ],
      [
       -1.80221,
       53.24561
      ],
      [
       -1.80222,
       53.2458
      ],
      [
       -1.8022,
       53.2462
      ],
      [
       -1.80221,
       53.24645
      ],
      [
       -1.80218,
       53.24667
      ],
      [
       -1.80208,
       53.24704
      ],
      [
       -1.80182,
       53.24795
      ],
      [
       -1.80173,
       53.24833
      ],
      [
       -1.80164,
       53.24869
      ],
      [
       -1.80159,
       53.24905
      ],
      [
       -1.80157,
       53.24927
      ],
      [
       -1.80149,
       53.24961
      ],
      [
       -1.80147,
       53.24984
      ],
      [
       -1.8015,
       53.25039
      ],
      [
       -1.80154,
       53.25071
      ],
      [
       -1.80153,
       53.25097
      ],
      [
       -1.80149,
       53.25144
      ],
      [
       -1.80148,
       53.25173
      ],
      [
       -1.80151,
       53.25199
      ],
      [
       -1.80151,
       53.25215
      ]
     ]
    ],
    "type": "MultiLineString"
   },
   "properties": {
    "council": "Derbyshire County Council",
    "current": "Claimed BOAT 67",
    "details": {
     "stage": "Draft Order & Plan in Preparation"
    },
    "kind": "dmmo-application",
    "parish": "Taddington",
    "ref": "03136",
    "seeks": "Add BOAT to Non Classified Highway",
    "source": "derbyshire-applications",
    "state": "open",
    "ways": []
   },
   "type": "Feature"
  },
  {
   "geometry": {
    "coordinates": [
     [
      [
       -1.77171,
       53.24654
      ],
      [
       -1.77165,
       53.24649
      ],
      [
       -1.77151,
       53.24638
      ],
      [
       -1.77145,
       53.24633
      ],
      [
       -1.77141,
       53.24626
      ],
      [
       -1.77138,
       53.24619
      ],
      [
       -1.77136,
       53.24612
      ],
      [
       -1.77134,
       53.24602
      ],
      [
       -1.77131,
       53.24577
      ],
      [
       -1.77131,
       53.24568
      ],
      [
       -1.77132,
       53.24562
      ],
      [
       -1.77135,
       53.24546
      ],
      [
       -1.77137,
       53.24523
      ],
      [
       -1.77137,
       53.24516
      ],
      [
       -1.77137,
       53.24497
      ],
      [
       -1.77135,
       53.24488
      ],
      [
       -1.77129,
       53.2448
      ],
      [
       -1.77118,
       53.24469
      ],
      [
       -1.77097,
       53.24455
      ],
      [
       -1.77075,
       53.2444
      ],
      [
       -1.77053,
       53.24427
      ],
      [
       -1.77024,
       53.24405
      ],
      [
       -1.77007,
       53.24395
      ],
      [
       -1.76983,
       53.24383
      ],
      [
       -1.76965,
       53.24375
      ],
      [
       -1.76929,
       53.24358
      ],
      [
       -1.76898,
       53.24343
      ],
      [
       -1.76867,
       53.24329
      ],
      [
       -1.76853,
       53.24322
      ],
      [
       -1.76808,
       53.243
      ],
      [
       -1.76771,
       53.2428
      ],
      [
       -1.7675,
       53.24267
      ],
      [
       -1.7673,
       53.24255
      ],
      [
       -1.76719,
       53.24249
      ],
      [
       -1.76693,
       53.24238
      ],
      [
       -1.7668,
       53.24234
      ],
      [
       -1.76632,
       53.24216
      ],
      [
       -1.76618,
       53.24209
      ],
      [
       -1.76603,
       53.24202
      ],
      [
       -1.76576,
       53.24192
      ],
      [
       -1.76547,
       53.24181
      ],
      [
       -1.76524,
       53.24171
      ],
      [
       -1.76515,
       53.24166
      ],
      [
       -1.76507,
       53.24159
      ],
      [
       -1.76506,
       53.24152
      ],
      [
       -1.76504,
       53.24142
      ],
      [
       -1.76498,
       53.24137
      ],
      [
       -1.76489,
       53.24128
      ],
      [
       -1.76481,
       53.24122
      ],
      [
       -1.76472,
       53.24116
      ],
      [
       -1.76462,
       53.24113
      ],
      [
       -1.76449,
       53.24111
      ],
      [
       -1.76424,
       53.24107
      ],
      [
       -1.76393,
       53.24103
      ],
      [
       -1.76371,
       53.241
      ],
      [
       -1.76349,
       53.24095
      ],
      [
       -1.76339,
       53.2409
      ],
      [
       -1.76333,
       53.24085
      ],
      [
       -1.76332,
       53.24079
      ],
      [
       -1.76334,
       53.24075
      ],
      [
       -1.7634,
       53.2407
      ],
      [
       -1.76345,
       53.24065
      ],
      [
       -1.76349,
       53.24059
      ],
      [
       -1.7635,
       53.24049
      ],
      [
       -1.76347,
       53.24043
      ],
      [
       -1.76342,
       53.24039
      ],
      [
       -1.76331,
       53.24035
      ],
      [
       -1.76318,
       53.24031
      ]
     ],
     [
      [
       -1.79198,
       53.24577
      ],
      [
       -1.79153,
       53.24589
      ]
     ],
     [
      [
       -1.79153,
       53.24589
      ],
      [
       -1.79137,
       53.24598
      ],
      [
       -1.79122,
       53.24602
      ],
      [
       -1.79102,
       53.24608
      ],
      [
       -1.79082,
       53.24613
      ],
      [
       -1.79059,
       53.24619
      ],
      [
       -1.79035,
       53.24625
      ],
      [
       -1.79015,
       53.2463
      ],
      [
       -1.78983,
       53.24637
      ],
      [
       -1.7897,
       53.2464
      ],
      [
       -1.78956,
       53.24644
      ],
      [
       -1.7895,
       53.24647
      ],
      [
       -1.78924,
       53.24663
      ],
      [
       -1.78909,
       53.24671
      ],
      [
       -1.78886,
       53.24683
      ],
      [
       -1.78863,
       53.24693
      ]
     ],
     [
      [
       -1.78863,
       53.24693
      ],
      [
       -1.78844,
       53.24701
      ],
      [
       -1.78828,
       53.24707
      ],
      [
       -1.78797,
       53.24719
      ],
      [
       -1.78764,
       53.24732
      ],
      [
       -1.78744,
       53.2474
      ],
      [
       -1.78681,
       53.24767
      ],
      [
       -1.78662,
       53.24776
      ],
      [
       -1.78635,
       53.24791
      ],
      [
       -1.7861,
       53.24804
      ],
      [
       -1.78585,
       53.24817
      ],
      [
       -1.7856,
       53.24829
      ],
      [
       -1.78534,
       53.24841
      ],
      [
       -1.78501,
       53.24857
      ],
      [
       -1.7848,
       53.24867
      ],
      [
       -1.78453,
       53.2488
      ],
      [
       -1.78435,
       53.24889
      ],
      [
       -1.78412,
       53.24902
      ],
      [
       -1.7838,
       53.24921
      ]
     ],
     [
      [
       -1.7838,
       53.24921
      ],
      [
       -1.78368,
       53.24926
      ],
      [
       -1.78355,
       53.2493
      ],
      [
       -1.78337,
       53.24933
      ],
      [
       -1.78322,
       53.24932
      ],
      [
       -1.78304,
       53.24929
      ],
      [
       -1.78294,
       53.24926
      ],
      [
       -1.78242,
       53.24911
      ],
      [
       -1.78223,
       53.24905
      ],
      [
       -1.78181,
       53.24893
      ],
      [
       -1.78103,
       53.24871
      ],
      [
       -1.78081,
       53.24864
      ],
      [
       -1.78043,
       53.24852
      ],
      [
       -1.78029,
       53.24847
      ],
      [
       -1.77971,
       53.24831
      ],
      [
       -1.77922,
       53.24816
      ],
      [
       -1.77907,
       53.24813
      ],
      [
       -1.77897,
       53.24811
      ],
      [
       -1.77866,
       53.2481
      ],
      [
       -1.77833,
       53.24808
      ],
      [
       -1.77771,
       53.24806
      ],
      [
       -1.77755,
       53.24806
      ],
      [
       -1.77746,
       53.24806
      ],
      [
       -1.77728,
       53.2481
      ],
      [
       -1.777,
       53.24815
      ],
      [
       -1.77663,
       53.24823
      ],
      [
       -1.77627,
       53.2483
      ],
      [
       -1.77546,
       53.24845
      ],
      [
       -1.77488,
       53.24857
      ],
      [
       -1.77459,
       53.24863
      ],
      [
       -1.77422,
       53.2487
      ],
      [
       -1.77399,
       53.24874
      ],
      [
       -1.77388,
       53.24874
      ],
      [
       -1.77384,
       53.24873
      ]
     ],
     [
      [
       -1.77384,
       53.24873
      ],
      [
       -1.77376,
       53.24867
      ],
      [
       -1.7737,
       53.24861
      ],
      [
       -1.7736,
       53.2485
      ],
      [
       -1.7733,
       53.2482
      ],
      [
       -1.77308,
       53.24796
      ],
      [
       -1.77287,
       53.24774
      ],
      [
       -1.77273,
       53.24761
      ]
     ],
     [
      [
       -1.77273,
       53.24761
      ],
      [
       -1.77238,
       53.24724
      ]
     ],
     [
      [
       -1.77238,
       53.24724
      ],
      [
       -1.77226,
       53.24711
      ],
      [
       -1.77206,
       53.24688
      ],
      [
       -1.77188,
       53.2467
      ],
      [
       -1.77179,
       53.24661
      ],
      [
       -1.77171,
       53.24654
      ]
     ]
    ],
    "type": "MultiLineString"
   },
   "properties": {
    "council": "Derbyshire County Council",
    "current": "Claimed BOAT 9",
    "details": {
     "stage": "Objections Received to Order"
    },
    "kind": "dmmo-application",
    "parish": "Brushfield",
    "ref": "03137",
    "seeks": "Add BOAT to Non Classified Highway",
    "source": "derbyshire-applications",
    "state": "open",
    "ways": []
   },
   "type": "Feature"
  },
  {
   "geometry": {
    "coordinates": [
     [
      [
       -1.78157,
       53.27022
      ],
      [
       -1.78174,
       53.27019
      ],
      [
       -1.78206,
       53.27018
      ],
      [
       -1.78262,
       53.27018
      ],
      [
       -1.78299,
       53.27015
      ],
      [
       -1.78327,
       53.27013
      ],
      [
       -1.78361,
       53.27008
      ],
      [
       -1.78424,
       53.26998
      ],
      [
       -1.78466,
       53.26991
      ],
      [
       -1.78555,
       53.26986
      ],
      [
       -1.78597,
       53.26982
      ],
      [
       -1.78622,
       53.26979
      ],
      [
       -1.78649,
       53.26979
      ],
      [
       -1.787,
       53.26982
      ],
      [
       -1.78736,
       53.26986
      ],
      [
       -1.7876,
       53.2699
      ],
      [
       -1.7878,
       53.26996
      ],
      [
       -1.78813,
       53.27006
      ],
      [
       -1.78814,
       53.27012
      ],
      [
       -1.7881,
       53.27017
      ],
      [
       -1.78791,
       53.27024
      ],
      [
       -1.78766,
       53.27032
      ],
      [
       -1.78744,
       53.2704
      ],
      [
       -1.78727,
       53.27047
      ],
      [
       -1.78708,
       53.27058
      ],
      [
       -1.78673,
       53.27085
      ],
      [
       -1.78649,
       53.27108
      ],
      [
       -1.78645,
       53.27114
      ],
      [
       -1.78647,
       53.27122
      ],
      [
       -1.78652,
       53.27138
      ],
      [
       -1.78654,
       53.27155
      ],
      [
       -1.78652,
       53.27168
      ],
      [
       -1.78643,
       53.27188
      ],
      [
       -1.78636,
       53.27206
      ],
      [
       -1.78637,
       53.27223
      ],
      [
       -1.78644,
       53.2724
      ],
      [
       -1.78651,
       53.27249
      ],
      [
       -1.78651,
       53.27252
      ]
     ],
     [
      [
       -1.78651,
       53.27252
      ],
      [
       -1.78642,
       53.27258
      ],
      [
       -1.78628,
       53.27261
      ],
      [
       -1.78609,
       53.2727
      ],
      [
       -1.78581,
       53.27301
      ],
      [
       -1.78565,
       53.27322
      ],
      [
       -1.78547,
       53.27333
      ],
      [
       -1.78522,
       53.27345
      ],
      [
       -1.78483,
       53.2736
      ],
      [
       -1.78464,
       53.27367
      ],
      [
       -1.78434,
       53.27378
      ],
      [
       -1.78405,
       53.27384
      ],
      [
       -1.78384,
       53.27386
      ],
      [
       -1.78342,
       53.27387
      ],
      [
       -1.78327,
       53.27388
      ],
      [
       -1.78315,
       53.27392
      ],
      [
       -1.78294,
       53.274
      ],
      [
       -1.78257,
       53.27412
      ],
      [
       -1.78227,
       53.27424
      ],
      [
       -1.7817,
       53.27447
      ],
      [
       -1.78142,
       53.2746
      ],
      [
       -1.78117,
       53.27477
      ],
      [
       -1.78085,
       53.27497
      ],
      [
       -1.78052,
       53.27516
      ],
      [
       -1.78033,
       53.27525
      ]
     ],
     [
      [
       -1.78033,
       53.27525
      ],
      [
       -1.78002,
       53.27539
      ],
      [
       -1.77974,
       53.27551
      ],
      [
       -1.77951,
       53.2756
      ],
      [
       -1.77933,
       53.27571
      ],
      [
       -1.7791,
       53.27585
      ],
      [
       -1.77865,
       53.27614
      ]
     ],
     [
      [
       -1.77865,
       53.27614
      ],
      [
       -1.77842,
       53.27627
      ],
      [
       -1.77796,
       53.27657
      ],
      [
       -1.77772,
       53.27672
      ],
      [
       -1.77744,
       53.27694
      ],
      [
       -1.77716,
       53.27714
      ],
      [
       -1.77691,
       53.27733
      ],
      [
       -1.77676,
       53.27743
      ],
      [
       -1.77622,
       53.2777
      ]
     ]
    ],
    "type": "MultiLineString"
   },
   "properties": {
    "council": "Derbyshire County Council",
    "current": "Claimed BOAT 48",
    "details": {
     "stage": "Consultation in progress"
    },
    "kind": "dmmo-application",
    "parish": "Tideswell",
    "ref": "03142",
    "seeks": "Add BOAT to Non Classified Highway",
    "source": "derbyshire-applications",
    "state": "open",
    "ways": []
   },
   "type": "Feature"
  },
  {
   "geometry": {
    "coordinates": [
     [
      [
       -1.50262,
       53.16337
      ],
      [
       -1.50237,
       53.16324
      ],
      [
       -1.5022,
       53.16318
      ],
      [
       -1.50179,
       53.1631
      ],
      [
       -1.50149,
       53.163
      ],
      [
       -1.501,
       53.16282
      ],
      [
       -1.50036,
       53.16253
      ],
      [
       -1.50002,
       53.16237
      ],
      [
       -1.49965,
       53.16208
      ],
      [
       -1.49949,
       53.16186
      ],
      [
       -1.49913,
       53.16153
      ],
      [
       -1.49879,
       53.16122
      ],
      [
       -1.49858,
       53.16103
      ],
      [
       -1.49841,
       53.16091
      ],
      [
       -1.49814,
       53.1608
      ],
      [
       -1.49733,
       53.16059
      ],
      [
       -1.4966,
       53.16043
      ],
      [
       -1.49588,
       53.16028
      ],
      [
       -1.49538,
       53.16019
      ],
      [
       -1.49493,
       53.16015
      ],
      [
       -1.49456,
       53.16014
      ],
      [
       -1.49421,
       53.16013
      ],
      [
       -1.49402,
       53.16006
      ],
      [
       -1.49294,
       53.15965
      ],
      [
       -1.49227,
       53.1594
      ],
      [
       -1.4921,
       53.15935
      ],
      [
       -1.49179,
       53.15932
      ],
      [
       -1.49148,
       53.1593
      ],
      [
       -1.49127,
       53.15931
      ],
      [
       -1.49095,
       53.15927
      ],
      [
       -1.49042,
       53.15917
      ],
      [
       -1.49005,
       53.15906
      ],
      [
       -1.4898,
       53.159
      ],
      [
       -1.48953,
       53.15899
      ],
      [
       -1.48934,
       53.15902
      ]
     ],
     [
      [
       -1.4719,
       53.15572
      ],
      [
       -1.47222,
       53.15577
      ],
      [
       -1.47246,
       53.15583
      ],
      [
       -1.47292,
       53.15593
      ],
      [
       -1.47405,
       53.1562
      ],
      [
       -1.47452,
       53.15631
      ],
      [
       -1.47505,
       53.15644
      ],
      [
       -1.47547,
       53.15655
      ],
      [
       -1.47588,
       53.15665
      ],
      [
       -1.47611,
       53.15673
      ],
      [
       -1.47642,
       53.15683
      ],
      [
       -1.4772,
       53.15711
      ],
      [
       -1.4778,
       53.15735
      ],
      [
       -1.47804,
       53.15745
      ],
      [
       -1.47831,
       53.15756
      ],
      [
       -1.47871,
       53.15773
      ],
      [
       -1.47955,
       53.15807
      ],
      [
       -1.47995,
       53.15823
      ],
      [
       -1.48026,
       53.15832
      ],
      [
       -1.4819,
       53.15861
      ],
      [
       -1.48238,
       53.15868
      ],
      [
       -1.48272,
       53.1587
      ],
      [
       -1.48314,
       53.15868
      ],
      [
       -1.48333,
       53.15865
      ],
      [
       -1.4834,
       53.15864
      ]
     ],
     [
      [
       -1.48562,
       53.15727
      ],
      [
       -1.48557,
       53.15723
      ],
      [
       -1.48535,
       53.15713
      ],
      [
       -1.48483,
       53.15688
      ],
      [
       -1.48468,
       53.15681
      ],
      [
       -1.48447,
       53.15669
      ],
      [
       -1.48436,
       53.15658
      ],
      [
       -1.48421,
       53.15639
      ],
      [
       -1.48398,
       53.15612
      ],
      [
       -1.48389,
       53.15598
      ],
      [
       -1.48378,
       53.15584
      ],
      [
       -1.48359,
       53.15572
      ],
      [
       -1.48331,
       53.1556
      ]
     ],
     [
      [
       -1.48331,
       53.1556
      ],
      [
       -1.48307,
       53.15545
      ],
      [
       -1.48292,
       53.15534
      ],
      [
       -1.48279,
       53.15524
      ]
     ],
     [
      [
       -1.48279,
       53.15524
      ],
      [
       -1.48262,
       53.15505
      ],
      [
       -1.48253,
       53.15497
      ],
      [
       -1.48205,
       53.15466
      ],
      [
       -1.4817,
       53.15445
      ],
      [
       -1.48138,
       53.15424
      ],
      [
       -1.48112,
       53.15411
      ],
      [
       -1.48098,
       53.154
      ],
      [
       -1.4809,
       53.15388
      ],
      [
       -1.48082,
       53.15368
      ],
      [
       -1.47974,
       53.15243
      ],
      [
       -1.47966,
       53.15236
      ]
     ],
     [
      [
       -1.47966,
       53.15236
      ],
      [
       -1.4796,
       53.15231
      ],
      [
       -1.47919,
       53.15209
      ],
      [
       -1.47897,
       53.15197
      ],
      [
       -1.47884,
       53.1519
      ],
      [
       -1.47875,
       53.15181
      ],
      [
       -1.47847,
       53.15125
      ],
      [
       -1.4783,
       53.1509
      ],
      [
       -1.4782,
       53.15073
      ],
      [
       -1.47803,
       53.15054
      ],
      [
       -1.47748,
       53.15004
      ],
      [
       -1.47714,
       53.14971
      ],
      [
       -1.4765,
       53.14928
      ],
      [
       -1.47623,
       53.1491
      ],
      [
       -1.47586,
       53.1489
      ],
      [
       -1.4754,
       53.14854
      ],
      [
       -1.47528,
       53.14846
      ],
      [
       -1.47518,
       53.14837
      ],
      [
       -1.47513,
       53.14818
      ],
      [
       -1.47503,
       53.14721
      ],
      [
       -1.47504,
       53.14711
      ],
      [
       -1.4751,
       53.14691
      ]
     ],
     [
      [
       -1.4751,
       53.14691
      ],
      [
       -1.47514,
       53.14667
      ],
      [
       -1.47513,
       53.14618
      ]
     ],
     [
      [
       -1.48932,
       53.15903
      ],
      [
       -1.48914,
       53.15899
      ],
      [
       -1.48827,
       53.15866
      ],
      [
       -1.48763,
       53.15844
      ],
      [
       -1.48733,
       53.15836
      ],
      [
       -1.48715,
       53.15831
      ],
      [
       -1.48698,
       53.15822
      ],
      [
       -1.48667,
       53.15795
      ],
      [
       -1.48648,
       53.15778
      ],
      [
       -1.48632,
       53.15762
      ],
      [
       -1.48612,
       53.1575
      ],
      [
       -1.48581,
       53.15736
      ],
      [
       -1.48562,
       53.15727
      ]
     ]
    ],
    "type": "MultiLineString"
   },
   "properties": {
    "council": "Derbyshire County Council",
    "current": "Claimed BOAT 155",
    "details": {
     "stage": "Objections Received to Order"
    },
    "kind": "dmmo-application",
    "parish": "Ashover",
    "ref": "03149",
    "seeks": "Add BOAT",
    "source": "derbyshire-applications",
    "state": "open",
    "ways": []
   },
   "type": "Feature"
  },
  {
   "geometry": {
    "coordinates": [
     [
      [
       -1.69727,
       53.08849
      ],
      [
       -1.69727,
       53.08864
      ],
      [
       -1.69737,
       53.08881
      ],
      [
       -1.69799,
       53.08916
      ],
      [
       -1.69822,
       53.08931
      ],
      [
       -1.69857,
       53.08956
      ],
      [
       -1.69877,
       53.08977
      ],
      [
       -1.69892,
       53.09
      ],
      [
       -1.69909,
       53.0906
      ],
      [
       -1.69929,
       53.09135
      ]
     ],
     [
      [
       -1.69929,
       53.09135
      ],
      [
       -1.69941,
       53.09168
      ],
      [
       -1.6996,
       53.09207
      ],
      [
       -1.69964,
       53.09272
      ],
      [
       -1.69948,
       53.09298
      ],
      [
       -1.69881,
       53.09349
      ],
      [
       -1.69857,
       53.09368
      ],
      [
       -1.69846,
       53.09385
      ],
      [
       -1.6981,
       53.09462
      ],
      [
       -1.6979,
       53.0948
      ],
      [
       -1.69767,
       53.09492
      ],
      [
       -1.69678,
       53.09533
      ],
      [
       -1.69628,
       53.09545
      ],
      [
       -1.69582,
       53.09554
      ],
      [
       -1.69523,
       53.09563
      ],
      [
       -1.69495,
       53.09569
      ],
      [
       -1.69472,
       53.09574
      ],
      [
       -1.69451,
       53.09585
      ],
      [
       -1.69445,
       53.096
      ],
      [
       -1.69447,
       53.09626
      ],
      [
       -1.69448,
       53.09648
      ],
      [
       -1.69448,
       53.09659
      ],
      [
       -1.69443,
       53.09684
      ],
      [
       -1.69443,
       53.09719
      ],
      [
       -1.69443,
       53.09759
      ],
      [
       -1.69441,
       53.09775
      ],
      [
       -1.69438,
       53.0979
      ],
      [
       -1.69421,
       53.09826
      ],
      [
       -1.69416,
       53.09837
      ],
      [
       -1.69418,
       53.09849
      ],
      [
       -1.69428,
       53.09859
      ],
      [
       -1.69466,
       53.09885
      ],
      [
       -1.69492,
       53.09906
      ],
      [
       -1.69496,
       53.09911
      ]
     ],
     [
      [
       -1.69496,
       53.09911
      ],
      [
       -1.69502,
       53.09919
      ],
      [
       -1.69508,
       53.09933
      ],
      [
       -1.69509,
       53.09946
      ],
      [
       -1.69505,
       53.09979
      ],
      [
       -1.69505,
       53.09997
      ],
      [
       -1.69509,
       53.10013
      ],
      [
       -1.69518,
       53.10031
      ],
      [
       -1.69531,
       53.10045
      ],
      [
       -1.69559,
       53.10065
      ],
      [
       -1.6959,
       53.10084
      ],
      [
       -1.69607,
       53.10093
      ],
      [
       -1.69618,
       53.101
      ],
      [
       -1.69648,
       53.10113
      ],
      [
       -1.69678,
       53.1013
      ],
      [
       -1.69722,
       53.10158
      ],
      [
       -1.69756,
       53.10177
      ],
      [
       -1.6978,
       53.1019
      ],
      [
       -1.69812,
       53.10204
      ],
      [
       -1.69871,
       53.10232
      ],
      [
       -1.69926,
       53.10259
      ],
      [
       -1.6996,
       53.10274
      ],
      [
       -1.70009,
       53.10292
      ],
      [
       -1.70031,
       53.10303
      ],
      [
       -1.70055,
       53.10319
      ],
      [
       -1.70091,
       53.10345
      ],
      [
       -1.70106,
       53.10359
      ],
      [
       -1.70117,
       53.10372
      ],
      [
       -1.70136,
       53.10401
      ],
      [
       -1.70154,
       53.10438
      ],
      [
       -1.70156,
       53.10455
      ],
      [
       -1.70159,
       53.10508
      ],
      [
       -1.70162,
       53.10523
      ],
      [
       -1.70165,
       53.10537
      ],
      [
       -1.70171,
       53.10552
      ],
      [
       -1.70174,
       53.10558
      ],
      [
       -1.70177,
       53.10568
      ],
      [
       -1.70173,
       53.10589
      ],
      [
       -1.70171,
       53.10604
      ],
      [
       -1.70174,
       53.1061
      ],
      [
       -1.70205,
       53.10636
      ]
     ],
     [
      [
       -1.70204,
       53.10635
      ],
      [
       -1.70216,
       53.10645
      ],
      [
       -1.70218,
       53.10653
      ],
      [
       -1.70212,
       53.10678
      ],
      [
       -1.702,
       53.10719
      ],
      [
       -1.70192,
       53.10738
      ],
      [
       -1.70178,
       53.10771
      ],
      [
       -1.70177,
       53.10778
      ],
      [
       -1.70176,
       53.10791
      ],
      [
       -1.70174,
       53.10802
      ],
      [
       -1.70175,
       53.10829
      ],
      [
       -1.70178,
       53.10849
      ],
      [
       -1.70189,
       53.10869
      ],
      [
       -1.70201,
       53.10883
      ],
      [
       -1.70221,
       53.109
      ],
      [
       -1.7023,
       53.10908
      ],
      [
       -1.70238,
       53.10913
      ],
      [
       -1.70248,
       53.10931
      ],
      [
       -1.70255,
       53.10948
      ],
      [
       -1.7026,
       53.10966
      ],
      [
       -1.70264,
       53.10993
      ],
      [
       -1.70263,
       53.1101
      ],
      [
       -1.70254,
       53.11035
      ],
      [
       -1.7025,
       53.11057
      ],
      [
       -1.70252,
       53.11062
      ],
      [
       -1.70264,
       53.11071
      ],
      [
       -1.70299,
       53.11099
      ],
      [
       -1.70326,
       53.11118
      ],
      [
       -1.7036,
       53.11138
      ],
      [
       -1.70396,
       53.11155
      ],
      [
       -1.7045,
       53.11173
      ],
      [
       -1.70503,
       53.11187
      ],
      [
       -1.70531,
       53.11197
      ],
      [
       -1.70555,
       53.11208
      ],
      [
       -1.70575,
       53.11222
      ],
      [
       -1.70585,
       53.11234
      ],
      [
       -1.70593,
       53.11247
      ],
      [
       -1.70593,
       53.11262
      ],
      [
       -1.7059,
       53.11284
      ],
      [
       -1.70578,
       53.11304
      ],
      [
       -1.70572,
       53.11318
      ],
      [
       -1.70567,
       53.11334
      ],
      [
       -1.70567,
       53.11348
      ],
      [
       -1.70571,
       53.11362
      ],
      [
       -1.7058,
       53.11386
      ],
      [
       -1.70584,
       53.11417
      ],
      [
       -1.70587,
       53.1144
      ],
      [
       -1.70587,
       53.11464
      ],
      [
       -1.7058,
       53.11502
      ],
      [
       -1.70572,
       53.1153
      ],
      [
       -1.70565,
       53.11552
      ],
      [
       -1.70561,
       53.11564
      ]
     ]
    ],
    "type": "MultiLineString"
   },
   "properties": {
    "council": "Derbyshire County Council",
    "current": "Claimed BOAT 9",
    "details": {
     "stage": "Officer Recommendation Approved"
    },
    "kind": "dmmo-application",
    "parish": "Ballidon",
    "ref": "03156",
    "seeks": "Add BOAT to Non Classified Highway",
    "source": "derbyshire-applications",
    "state": "open",
    "ways": []
   },
   "type": "Feature"
  },
  {
   "geometry": {
    "coordinates": [
     [
      [
       -1.66455,
       53.22401
      ],
      [
       -1.66456,
       53.22406
      ],
      [
       -1.66463,
       53.22418
      ]
     ],
     [
      [
       -1.66879,
       53.22605
      ],
      [
       -1.66887,
       53.22606
      ],
      [
       -1.66894,
       53.22605
      ]
     ],
     [
      [
       -1.66894,
       53.22605
      ],
      [
       -1.66907,
       53.2261
      ],
      [
       -1.66928,
       53.22621
      ],
      [
       -1.66978,
       53.22647
      ],
      [
       -1.6706,
       53.22691
      ]
     ],
     [
      [
       -1.66463,
       53.22418
      ],
      [
       -1.66472,
       53.22436
      ],
      [
       -1.66479,
       53.22444
      ],
      [
       -1.66483,
       53.22447
      ],
      [
       -1.66493,
       53.22453
      ],
      [
       -1.66507,
       53.22458
      ],
      [
       -1.66532,
       53.22462
      ],
      [
       -1.66562,
       53.22467
      ],
      [
       -1.66593,
       53.22473
      ],
      [
       -1.66623,
       53.22481
      ],
      [
       -1.66651,
       53.22487
      ],
      [
       -1.6668,
       53.22493
      ],
      [
       -1.66698,
       53.22499
      ],
      [
       -1.66711,
       53.22504
      ],
      [
       -1.66726,
       53.22511
      ],
      [
       -1.6674,
       53.22524
      ],
      [
       -1.66779,
       53.22572
      ],
      [
       -1.66787,
       53.22581
      ],
      [
       -1.66794,
       53.22586
      ],
      [
       -1.66811,
       53.22592
      ],
      [
       -1.66837,
       53.22599
      ],
      [
       -1.66855,
       53.22602
      ],
      [
       -1.6687,
       53.22605
      ],
      [
       -1.66879,
       53.22605
      ]
     ]
    ],
    "type": "MultiLineString"
   },
   "properties": {
    "council": "Derbyshire County Council",
    "current": "Claimed BOAT 45",
    "details": {
     "stage": "Consultation in progress"
    },
    "kind": "dmmo-application",
    "parish": "Bakewell",
    "ref": "03221",
    "seeks": "Add Byway",
    "source": "derbyshire-applications",
    "state": "open",
    "ways": []
   },
   "type": "Feature"
  },
  {
   "geometry": {
    "coordinates": [
     [
      -1.55893,
      53.19575
     ],
     [
      -1.55875,
      53.19762
     ],
     [
      -1.55859,
      53.19918
     ],
     [
      -1.55839,
      53.20081
     ],
     [
      -1.55829,
      53.2018
     ]
    ],
    "type": "LineString"
   },
   "properties": {
    "council": "Derbyshire County Council",
    "current": "Claimed BOAT 14",
    "details": {
     "stage": "Awaiting action"
    },
    "kind": "dmmo-application",
    "parish": "Beeley",
    "ref": "03235",
    "seeks": "Adds BOAT",
    "source": "derbyshire-applications",
    "state": "open",
    "ways": []
   },
   "type": "Feature"
  },
  {
   "geometry": {
    "coordinates": [
     [
      [
       -1.82043,
       53.23543
      ],
      [
       -1.82042,
       53.23554
      ],
      [
       -1.82031,
       53.23573
      ],
      [
       -1.82031,
       53.23585
      ],
      [
       -1.8204,
       53.23599
      ],
      [
       -1.82038,
       53.23606
      ],
      [
       -1.82021,
       53.23623
      ],
      [
       -1.82009,
       53.23627
      ],
      [
       -1.81991,
       53.23633
      ],
      [
       -1.81978,
       53.23641
      ],
      [
       -1.81948,
       53.2367
      ],
      [
       -1.81938,
       53.23693
      ],
      [
       -1.81928,
       53.23723
      ],
      [
       -1.81918,
       53.23761
      ],
      [
       -1.81911,
       53.23787
      ],
      [
       -1.81915,
       53.23809
      ],
      [
       -1.81891,
       53.23821
      ]
     ],
     [
      [
       -1.81891,
       53.23821
      ],
      [
       -1.81837,
       53.23835
      ],
      [
       -1.81791,
       53.23847
      ],
      [
       -1.81791,
       53.23847
      ]
     ],
     [
      [
       -1.82046,
       53.22738
      ],
      [
       -1.82034,
       53.22815
      ],
      [
       -1.82034,
       53.22968
      ],
      [
       -1.82031,
       53.23085
      ],
      [
       -1.82037,
       53.2316
      ]
     ],
     [
      [
       -1.82037,
       53.2316
      ],
      [
       -1.82044,
       53.23188
      ]
     ],
     [
      [
       -1.82044,
       53.23188
      ],
      [
       -1.8206,
       53.23229
      ],
      [
       -1.82072,
       53.23312
      ],
      [
       -1.82072,
       53.23338
      ],
      [
       -1.82054,
       53.23378
      ],
      [
       -1.82045,
       53.23425
      ],
      [
       -1.8204,
       53.23491
      ],
      [
       -1.82043,
       53.23543
      ]
     ]
    ],
    "type": "MultiLineString"
   },
   "properties": {
    "council": "Derbyshire County Council",
    "current": "Claimed BOAT 17",
    "details": {
     "stage": "Awaiting action"
    },
    "kind": "dmmo-application",
    "parish": "Blackwell in the Peak",
    "ref": "03238",
    "seeks": "Add Byway",
    "source": "derbyshire-applications",
    "state": "open",
    "ways": []
   },
   "type": "Feature"
  },
  {
   "geometry": {
    "coordinates": [
     [
      -1.74594,
      53.32686
     ],
     [
      -1.74752,
      53.32667
     ],
     [
      -1.74844,
      53.32652
     ],
     [
      -1.7495,
      53.32635
     ],
     [
      -1.75063,
      53.32614
     ],
     [
      -1.75134,
      53.32602
     ],
     [
      -1.75203,
      53.32589
     ]
    ],
    "type": "LineString"
   },
   "properties": {
    "council": "Derbyshire County Council",
    "current": "Claimed BOAT 42",
    "details": {
     "stage": "Awaiting action"
    },
    "kind": "dmmo-application",
    "parish": "Bradwell",
    "ref": "03240",
    "seeks": "Adds Byway",
    "source": "derbyshire-applications",
    "state": "open",
    "ways": []
   },
   "type": "Feature"
  },
  {
   "geometry": {
    "coordinates": [
     [
      [
       -1.4321,
       52.97913
      ],
      [
       -1.43252,
       52.97912
      ],
      [
       -1.43362,
       52.97912
      ],
      [
       -1.43463,
       52.97909
      ],
      [
       -1.43648,
       52.97905
      ],
      [
       -1.43739,
       52.97904
      ],
      [
       -1.43845,
       52.97899
      ],
      [
       -1.44009,
       52.97895
      ],
      [
       -1.44175,
       52.97891
      ],
      [
       -1.44288,
       52.97887
      ],
      [
       -1.44345,
       52.97884
      ],
      [
       -1.444,
       52.97879
      ],
      [
       -1.44439,
       52.97877
      ],
      [
       -1.44491,
       52.97877
      ],
      [
       -1.44604,
       52.97875
      ],
      [
       -1.4466,
       52.97873
      ],
      [
       -1.4471,
       52.97866
      ],
      [
       -1.44792,
       52.97857
      ],
      [
       -1.44843,
       52.97849
      ],
      [
       -1.44919,
       52.97835
      ],
      [
       -1.45002,
       52.97816
      ],
      [
       -1.45097,
       52.97782
      ],
      [
       -1.45189,
       52.97749
      ],
      [
       -1.45252,
       52.97722
      ],
      [
       -1.45351,
       52.97669
      ],
      [
       -1.45416,
       52.9763
      ],
      [
       -1.45501,
       52.97571
      ],
      [
       -1.45583,
       52.97531
      ],
      [
       -1.45622,
       52.97511
      ],
      [
       -1.45672,
       52.97498
      ],
      [
       -1.45706,
       52.97487
      ],
      [
       -1.45802,
       52.97439
      ],
      [
       -1.45854,
       52.97408
      ]
     ],
     [
      [
       -1.42589,
       52.98092
      ],
      [
       -1.42664,
       52.98077
      ],
      [
       -1.42734,
       52.98062
      ],
      [
       -1.42829,
       52.98037
      ],
      [
       -1.42919,
       52.98019
      ],
      [
       -1.42999,
       52.97998
      ],
      [
       -1.43054,
       52.97977
      ],
      [
       -1.43123,
       52.97942
      ],
      [
       -1.4317,
       52.97922
      ],
      [
       -1.43193,
       52.97916
      ],
      [
       -1.4321,
       52.97913
      ]
     ]
    ],
    "type": "MultiLineString"
   },
   "properties": {
    "council": "Derbyshire County Council",
    "current": "Claimed BOAT 37",
    "details": {
     "stage": "Draft Order & Plan in Preparation"
    },
    "kind": "dmmo-application",
    "parish": "Little Eaton",
    "ref": "03247",
    "seeks": "Add Byway",
    "source": "derbyshire-applications",
    "state": "open",
    "ways": []
   },
   "type": "Feature"
  },
  {
   "geometry": {
    "coordinates": [
     [
      [
       -1.79239,
       53.32798
      ],
      [
       -1.7932,
       53.32807
      ],
      [
       -1.79447,
       53.32809
      ],
      [
       -1.79493,
       53.32813
      ],
      [
       -1.7953,
       53.32815
      ],
      [
       -1.7966,
       53.32837
      ],
      [
       -1.79741,
       53.32848
      ],
      [
       -1.79786,
       53.32852
      ],
      [
       -1.79818,
       53.32856
      ]
     ],
     [
      [
       -1.79818,
       53.32856
      ],
      [
       -1.79828,
       53.32857
      ],
      [
       -1.79862,
       53.32867
      ],
      [
       -1.79886,
       53.32873
      ],
      [
       -1.80012,
       53.32904
      ],
      [
       -1.8004,
       53.32907
      ],
      [
       -1.80049,
       53.32908
      ],
      [
       -1.80079,
       53.3291
      ],
      [
       -1.801,
       53.32912
      ]
     ],
     [
      [
       -1.801,
       53.32912
      ],
      [
       -1.80104,
       53.32917
      ],
      [
       -1.80113,
       53.32927
      ],
      [
       -1.80132,
       53.32953
      ],
      [
       -1.80157,
       53.32985
      ],
      [
       -1.80184,
       53.33022
      ],
      [
       -1.80217,
       53.33071
      ],
      [
       -1.80331,
       53.33196
      ],
      [
       -1.80401,
       53.33275
      ],
      [
       -1.80459,
       53.33346
      ],
      [
       -1.80476,
       53.3337
      ],
      [
       -1.80491,
       53.33396
      ]
     ],
     [
      [
       -1.80491,
       53.33396
      ],
      [
       -1.80492,
       53.33399
      ],
      [
       -1.80493,
       53.33403
      ]
     ],
     [
      [
       -1.80493,
       53.33403
      ],
      [
       -1.8055,
       53.33473
      ],
      [
       -1.80657,
       53.33583
      ],
      [
       -1.8073,
       53.33663
      ],
      [
       -1.80774,
       53.33708
      ],
      [
       -1.80852,
       53.3378
      ],
      [
       -1.80943,
       53.33877
      ],
      [
       -1.81119,
       53.34064
      ]
     ]
    ],
    "type": "MultiLineString"
   },
   "properties": {
    "council": "Derbyshire County Council",
    "current": "Claimed BOAT 60",
    "details": {
     "stage": "Awaiting action"
    },
    "kind": "dmmo-application",
    "parish": "Castleton",
    "ref": "03251",
    "seeks": "Add Byway",
    "source": "derbyshire-applications",
    "state": "open",
    "ways": []
   },
   "type": "Feature"
  },
  {
   "geometry": {
    "coordinates": [
     [
      [
       -1.8635,
       53.33914
      ],
      [
       -1.86432,
       53.33947
      ],
      [
       -1.86561,
       53.3399
      ],
      [
       -1.86583,
       53.34001
      ],
      [
       -1.86599,
       53.34025
      ],
      [
       -1.8662,
       53.34068
      ],
      [
       -1.86638,
       53.34087
      ],
      [
       -1.86661,
       53.34085
      ],
      [
       -1.86675,
       53.34075
      ],
      [
       -1.86686,
       53.34063
      ],
      [
       -1.86707,
       53.34054
      ],
      [
       -1.86726,
       53.34052
      ],
      [
       -1.86766,
       53.34057
      ],
      [
       -1.86916,
       53.341
      ],
      [
       -1.86979,
       53.34122
      ],
      [
       -1.87008,
       53.34125
      ],
      [
       -1.87066,
       53.34125
      ],
      [
       -1.87229,
       53.34158
      ],
      [
       -1.87399,
       53.34204
      ],
      [
       -1.87434,
       53.34226
      ],
      [
       -1.87454,
       53.34249
      ],
      [
       -1.87467,
       53.34301
      ],
      [
       -1.87472,
       53.34322
      ],
      [
       -1.87483,
       53.34323
      ],
      [
       -1.87505,
       53.34313
      ],
      [
       -1.87562,
       53.34293
      ],
      [
       -1.87616,
       53.34282
      ],
      [
       -1.87638,
       53.34275
      ],
      [
       -1.87697,
       53.34276
      ],
      [
       -1.87739,
       53.3428
      ],
      [
       -1.87802,
       53.34287
      ],
      [
       -1.87878,
       53.34303
      ],
      [
       -1.87925,
       53.3432
      ],
      [
       -1.88005,
       53.34339
      ],
      [
       -1.88054,
       53.34359
      ],
      [
       -1.8813,
       53.34392
      ],
      [
       -1.88146,
       53.34397
      ]
     ],
     [
      [
       -1.88146,
       53.34397
      ],
      [
       -1.88243,
       53.34448
      ],
      [
       -1.88373,
       53.34521
      ],
      [
       -1.88474,
       53.34591
      ],
      [
       -1.88494,
       53.34609
      ],
      [
       -1.88517,
       53.34636
      ],
      [
       -1.88531,
       53.34644
      ],
      [
       -1.88546,
       53.34646
      ],
      [
       -1.88589,
       53.34647
      ],
      [
       -1.88612,
       53.34644
      ],
      [
       -1.88643,
       53.34651
      ],
      [
       -1.88661,
       53.34659
      ],
      [
       -1.88673,
       53.34674
      ],
      [
       -1.8868,
       53.34694
      ],
      [
       -1.88698,
       53.34747
      ],
      [
       -1.88716,
       53.34779
      ],
      [
       -1.88716,
       53.34798
      ],
      [
       -1.88708,
       53.34823
      ],
      [
       -1.88675,
       53.34868
      ],
      [
       -1.88636,
       53.34915
      ],
      [
       -1.88611,
       53.3494
      ],
      [
       -1.88597,
       53.3495
      ],
      [
       -1.88596,
       53.34951
      ]
     ]
    ],
    "type": "MultiLineString"
   },
   "properties": {
    "council": "Derbyshire County Council",
    "current": "Claimed BOAT 184",
    "details": {
     "stage": "Awaiting action"
    },
    "kind": "dmmo-application",
    "parish": "Chapel en le Frith",
    "ref": "03260",
    "seeks": "Add Byway",
    "source": "derbyshire-applications",
    "state": "open",
    "ways": []
   },
   "type": "Feature"
  },
  {
   "geometry": {
    "coordinates": [
     [
      -1.82308,
      53.22403
     ],
     [
      -1.82301,
      53.22391
     ],
     [
      -1.823,
      53.22384
     ],
     [
      -1.82299,
      53.22321
     ],
     [
      -1.82297,
      53.22235
     ],
     [
      -1.82295,
      53.22151
     ],
     [
      -1.82296,
      53.22137
     ],
     [
      -1.82299,
      53.22125
     ],
     [
      -1.82306,
      53.22109
     ],
     [
      -1.82342,
      53.22064
     ],
     [
      -1.82386,
      53.22006
     ],
     [
      -1.82424,
      53.21949
     ],
     [
      -1.82492,
      53.21857
     ],
     [
      -1.82522,
      53.21816
     ],
     [
      -1.82585,
      53.21728
     ],
     [
      -1.82649,
      53.21638
     ],
     [
      -1.82742,
      53.2151
     ],
     [
      -1.82773,
      53.21468
     ],
     [
      -1.82792,
      53.2144
     ],
     [
      -1.82809,
      53.21412
     ],
     [
      -1.82828,
      53.21386
     ],
     [
      -1.82863,
      53.21346
     ],
     [
      -1.82878,
      53.21328
     ],
     [
      -1.8291,
      53.21292
     ],
     [
      -1.82924,
      53.21268
     ],
     [
      -1.82938,
      53.21249
     ],
     [
      -1.82963,
      53.2122
     ],
     [
      -1.82988,
      53.21192
     ],
     [
      -1.83016,
      53.21162
     ],
     [
      -1.83035,
      53.2114
     ],
     [
      -1.83045,
      53.21128
     ],
     [
      -1.83051,
      53.21116
     ],
     [
      -1.83058,
      53.21097
     ],
     [
      -1.83065,
      53.21081
     ],
     [
      -1.83096,
      53.21042
     ],
     [
      -1.83096,
      53.21042
     ]
    ],
    "type": "LineString"
   },
   "properties": {
    "council": "Derbyshire County Council",
    "current": "Claimed BOAT 39",
    "details": {
     "stage": "Awaiting action"
    },
    "kind": "dmmo-application",
    "parish": "Chelmorton",
    "ref": "03261",
    "seeks": "Add Byway",
    "source": "derbyshire-applications",
    "state": "open",
    "ways": []
   },
   "type": "Feature"
  },
  {
   "geometry": {
    "coordinates": [
     [
      [
       -1.90475,
       53.35644
      ],
      [
       -1.90464,
       53.35638
      ],
      [
       -1.90432,
       53.35623
      ],
      [
       -1.90357,
       53.35588
      ],
      [
       -1.90263,
       53.35546
      ]
     ],
     [
      [
       -1.90263,
       53.35546
      ],
      [
       -1.90237,
       53.35527
      ],
      [
       -1.90192,
       53.35482
      ],
      [
       -1.90168,
       53.35462
      ],
      [
       -1.90152,
       53.35446
      ],
      [
       -1.90142,
       53.35431
      ],
      [
       -1.90132,
       53.3542
      ],
      [
       -1.90117,
       53.35409
      ],
      [
       -1.90091,
       53.3539
      ],
      [
       -1.90059,
       53.3537
      ],
      [
       -1.90035,
       53.35359
      ],
      [
       -1.90017,
       53.35354
      ],
      [
       -1.89922,
       53.35326
      ],
      [
       -1.89872,
       53.35313
      ],
      [
       -1.89841,
       53.35307
      ],
      [
       -1.8981,
       53.35303
      ],
      [
       -1.89788,
       53.35301
      ],
      [
       -1.89774,
       53.35301
      ],
      [
       -1.89755,
       53.35302
      ],
      [
       -1.89744,
       53.35302
      ],
      [
       -1.89733,
       53.353
      ],
      [
       -1.89707,
       53.3529
      ],
      [
       -1.89692,
       53.35284
      ],
      [
       -1.89672,
       53.35273
      ],
      [
       -1.89653,
       53.35263
      ],
      [
       -1.89579,
       53.35211
      ],
      [
       -1.8945,
       53.35124
      ],
      [
       -1.89388,
       53.35083
      ]
     ],
     [
      [
       -1.89388,
       53.35083
      ],
      [
       -1.89378,
       53.35081
      ],
      [
       -1.89377,
       53.35081
      ],
      [
       -1.89376,
       53.35081
      ],
      [
       -1.89371,
       53.35079
      ],
      [
       -1.89369,
       53.35079
      ],
      [
       -1.89343,
       53.35069
      ],
      [
       -1.89333,
       53.35066
      ],
      [
       -1.89321,
       53.35062
      ],
      [
       -1.89315,
       53.3506
      ],
      [
       -1.89312,
       53.35059
      ],
      [
       -1.89306,
       53.35058
      ],
      [
       -1.89301,
       53.35057
      ],
      [
       -1.89299,
       53.35057
      ],
      [
       -1.89293,
       53.35056
      ],
      [
       -1.89288,
       53.35055
      ],
      [
       -1.89283,
       53.35054
      ],
      [
       -1.89278,
       53.35053
      ],
      [
       -1.89277,
       53.35053
      ],
      [
       -1.89273,
       53.35053
      ],
      [
       -1.8927,
       53.35053
      ],
      [
       -1.89264,
       53.35053
      ],
      [
       -1.89253,
       53.35053
      ],
      [
       -1.89248,
       53.35053
      ],
      [
       -1.89246,
       53.35053
      ],
      [
       -1.89239,
       53.35054
      ],
      [
       -1.89231,
       53.35055
      ],
      [
       -1.89219,
       53.35057
      ],
      [
       -1.89217,
       53.35057
      ],
      [
       -1.8921,
       53.35058
      ],
      [
       -1.89204,
       53.3506
      ],
      [
       -1.89188,
       53.35063
      ],
      [
       -1.89177,
       53.35065
      ],
      [
       -1.89175,
       53.35065
      ],
      [
       -1.89159,
       53.35068
      ],
      [
       -1.89142,
       53.35072
      ],
      [
       -1.89119,
       53.3508
      ],
      [
       -1.89092,
       53.35088
      ],
      [
       -1.89084,
       53.3509
      ],
      [
       -1.89073,
       53.35093
      ],
      [
       -1.89045,
       53.35102
      ],
      [
       -1.89026,
       53.35108
      ],
      [
       -1.89022,
       53.35109
      ],
      [
       -1.89018,
       53.3511
      ],
      [
       -1.89017,
       53.35111
      ],
      [
       -1.89013,
       53.35111
      ],
      [
       -1.89009,
       53.35112
      ],
      [
       -1.88999,
       53.35113
      ],
      [
       -1.88993,
       53.35113
      ],
      [
       -1.88984,
       53.35115
      ],
      [
       -1.88984,
       53.35115
      ],
      [
       -1.88973,
       53.35116
      ],
      [
       -1.88964,
       53.35118
      ],
      [
       -1.88954,
       53.3512
      ],
      [
       -1.88953,
       53.35121
      ],
      [
       -1.88947,
       53.35122
      ],
      [
       -1.88943,
       53.35123
      ],
      [
       -1.88939,
       53.35124
      ],
      [
       -1.88936,
       53.35126
      ],
      [
       -1.88933,
       53.35127
      ],
      [
       -1.88932,
       53.35127
      ],
      [
       -1.8891,
       53.35138
      ],
      [
       -1.88902,
       53.35141
      ],
      [
       -1.88898,
       53.35143
      ],
      [
       -1.88895,
       53.35144
      ],
      [
       -1.88882,
       53.35146
      ],
      [
       -1.88863,
       53.35148
      ],
      [
       -1.88845,
       53.35149
      ],
      [
       -1.88825,
       53.35149
      ],
      [
       -1.88814,
       53.35149
      ],
      [
       -1.88801,
       53.3515
      ],
      [
       -1.88784,
       53.35153
      ],
      [
       -1.8877,
       53.35155
      ],
      [
       -1.88759,
       53.35156
      ],
      [
       -1.88759,
       53.35156
      ],
      [
       -1.8875,
       53.35159
      ],
      [
       -1.88748,
       53.35159
      ],
      [
       -1.88747,
       53.35159
      ],
      [
       -1.88737,
       53.35157
      ],
      [
       -1.88735,
       53.35157
      ],
      [
       -1.88732,
       53.35155
      ],
      [
       -1.8873,
       53.35155
      ],
      [
       -1.88728,
       53.35154
      ],
      [
       -1.88708,
       53.35143
      ],
      [
       -1.88694,
       53.35134
      ],
      [
       -1.8868,
       53.35127
      ],
      [
       -1.88673,
       53.35125
      ],
      [
       -1.88669,
       53.35123
      ],
      [
       -1.88667,
       53.35123
      ],
      [
       -1.88664,
       53.35122
      ],
      [
       -1.88662,
       53.35122
      ],
      [
       -1.88654,
       53.35121
      ],
      [
       -1.88651,
       53.3512
      ],
      [
       -1.8865,
       53.3512
      ],
      [
       -1.88647,
       53.35119
      ],
      [
       -1.88645,
       53.35118
      ],
      [
       -1.88638,
       53.35114
      ],
      [
       -1.88636,
       53.35112
      ],
      [
       -1.88635,
       53.35111
      ],
      [
       -1.88633,
       53.35109
      ],
      [
       -1.88632,
       53.35108
      ],
      [
       -1.88632,
       53.35107
      ],
      [
       -1.88632,
       53.35106
      ],
      [
       -1.88631,
       53.35106
      ],
      [
       -1.8863,
       53.35104
      ],
      [
       -1.88629,
       53.35103
      ],
      [
       -1.88629,
       53.35102
      ],
      [
       -1.88625,
       53.35096
      ],
      [
       -1.88623,
       53.35092
      ],
      [
       -1.88615,
       53.35078
      ],
      [
       -1.88613,
       53.35074
      ],
      [
       -1.88612,
       53.35073
      ],
      [
       -1.88611,
       53.35069
      ],
      [
       -1.8861,
       53.35068
      ],
      [
       -1.88608,
       53.35063
      ],
      [
       -1.88609,
       53.35056
      ],
      [
       -1.8861,
       53.3505
      ],
      [
       -1.88611,
       53.35045
      ],
      [
       -1.88613,
       53.35037
      ],
      [
       -1.88614,
       53.35032
      ],
      [
       -1.88618,
       53.35021
      ],
      [
       -1.88625,
       53.35013
      ],
      [
       -1.88626,
       53.35011
      ],
      [
       -1.88627,
       53.3501
      ],
      [
       -1.8863,
       53.35009
      ],
      [
       -1.88631,
       53.35008
      ],
      [
       -1.88637,
       53.35005
      ],
      [
       -1.8864,
       53.35003
      ],
      [
       -1.88644,
       53.35
      ],
      [
       -1.88646,
       53.34999
      ],
      [
       -1.88649,
       53.34998
      ],
      [
       -1.88652,
       53.34997
      ],
      [
       -1.88654,
       53.34996
      ],
      [
       -1.88656,
       53.34995
      ],
      [
       -1.88658,
       53.34993
      ],
      [
       -1.88659,
       53.34993
      ],
      [
       -1.88659,
       53.34993
      ],
      [
       -1.88661,
       53.34992
      ],
      [
       -1.88662,
       53.3499
      ],
      [
       -1.88662,
       53.3499
      ],
      [
       -1.88663,
       53.34989
      ],
      [
       -1.88664,
       53.34987
      ],
      [
       -1.88665,
       53.34983
      ],
      [
       -1.88665,
       53.34981
      ],
      [
       -1.88665,
       53.3498
      ],
      [
       -1.88664,
       53.34979
      ],
      [
       -1.88664,
       53.34978
      ],
      [
       -1.88663,
       53.34977
      ],
      [
       -1.88662,
       53.34976
      ],
      [
       -1.88661,
       53.34976
      ],
      [
       -1.8866,
       53.34975
      ],
      [
       -1.88658,
       53.34974
      ],
      [
       -1.88656,
       53.34974
      ],
      [
       -1.88655,
       53.34973
      ],
      [
       -1.88653,
       53.34972
      ],
      [
       -1.8865,
       53.34971
      ],
      [
       -1.8865,
       53.34971
      ],
      [
       -1.88647,
       53.3497
      ],
      [
       -1.88644,
       53.34969
      ],
      [
       -1.88641,
       53.34969
      ],
      [
       -1.88638,
       53.34968
      ],
      [
       -1.88637,
       53.34968
      ],
      [
       -1.88634,
       53.34967
      ],
      [
       -1.88633,
       53.34966
      ],
      [
       -1.88633,
       53.34966
      ],
      [
       -1.88632,
       53.34965
      ],
      [
       -1.88627,
       53.34963
      ],
      [
       -1.88622,
       53.3496
      ],
      [
       -1.88616,
       53.34957
      ],
      [
       -1.88609,
       53.34957
      ],
      [
       -1.88604,
       53.34957
      ],
      [
       -1.886,
       53.34957
      ],
      [
       -1.88599,
       53.34956
      ],
      [
       -1.88597,
       53.34954
      ],
      [
       -1.88596,
       53.34951
      ]
     ]
    ],
    "type": "MultiLineString"
   },
   "properties": {
    "council": "Derbyshire County Council",
    "current": "Claimed BOAT 81",
    "details": {
     "stage": "Awaiting action"
    },
    "kind": "dmmo-application",
    "parish": "Chinley, Buxworth and Brownside",
    "ref": "03263",
    "seeks": "Add BOAT",
    "source": "derbyshire-applications",
    "state": "open",
    "ways": []
   },
   "type": "Feature"
  },
  {
   "geometry": {
    "coordinates": [
     [
      -1.91399,
      53.34231
     ],
     [
      -1.91366,
      53.34268
     ],
     [
      -1.9134,
      53.343
     ],
     [
      -1.91317,
      53.34326
     ],
     [
      -1.91314,
      53.34332
     ],
     [
      -1.91312,
      53.34336
     ],
     [
      -1.91314,
      53.34342
     ],
     [
      -1.91323,
      53.34358
     ],
     [
      -1.91334,
      53.34375
     ],
     [
      -1.91338,
      53.34384
     ],
     [
      -1.91342,
      53.34396
     ],
     [
      -1.91342,
      53.34405
     ],
     [
      -1.9134,
      53.34428
     ],
     [
      -1.91334,
      53.34467
     ],
     [
      -1.91328,
      53.34479
     ],
     [
      -1.91314,
      53.34501
     ],
     [
      -1.91302,
      53.34525
     ],
     [
      -1.91294,
      53.34548
     ],
     [
      -1.9129,
      53.3457
     ],
     [
      -1.91284,
      53.34582
     ],
     [
      -1.91276,
      53.34592
     ],
     [
      -1.9125,
      53.34624
     ],
     [
      -1.91236,
      53.34645
     ],
     [
      -1.9122,
      53.34669
     ],
     [
      -1.91204,
      53.34697
     ],
     [
      -1.91194,
      53.34717
     ],
     [
      -1.91187,
      53.34738
     ],
     [
      -1.91185,
      53.34752
     ],
     [
      -1.91185,
      53.34765
     ],
     [
      -1.91188,
      53.34779
     ],
     [
      -1.91191,
      53.34789
     ],
     [
      -1.91196,
      53.34803
     ],
     [
      -1.9121,
      53.34825
     ],
     [
      -1.91218,
      53.34837
     ],
     [
      -1.91222,
      53.34848
     ],
     [
      -1.91226,
      53.34864
     ],
     [
      -1.91226,
      53.34883
     ],
     [
      -1.91225,
      53.349
     ],
     [
      -1.91221,
      53.34921
     ],
     [
      -1.91211,
      53.34954
     ],
     [
      -1.91205,
      53.34963
     ],
     [
      -1.91193,
      53.34975
     ],
     [
      -1.9117,
      53.34998
     ],
     [
      -1.91155,
      53.3501
     ],
     [
      -1.91134,
      53.35023
     ],
     [
      -1.91094,
      53.35046
     ],
     [
      -1.91064,
      53.35062
     ],
     [
      -1.91044,
      53.35072
     ],
     [
      -1.91007,
      53.35084
     ],
     [
      -1.90956,
      53.35101
     ],
     [
      -1.90935,
      53.3511
     ],
     [
      -1.90917,
      53.35121
     ],
     [
      -1.90898,
      53.35134
     ],
     [
      -1.90877,
      53.35151
     ],
     [
      -1.90863,
      53.35163
     ],
     [
      -1.90854,
      53.35173
     ],
     [
      -1.9085,
      53.3518
     ],
     [
      -1.90848,
      53.35192
     ],
     [
      -1.90844,
      53.35237
     ],
     [
      -1.9084,
      53.35265
     ],
     [
      -1.90827,
      53.35294
     ],
     [
      -1.90814,
      53.35316
     ],
     [
      -1.90782,
      53.35344
     ],
     [
      -1.90765,
      53.35363
     ],
     [
      -1.90759,
      53.35366
     ],
     [
      -1.90755,
      53.35366
     ],
     [
      -1.90747,
      53.35364
     ],
     [
      -1.9072,
      53.35357
     ],
     [
      -1.90699,
      53.35356
     ],
     [
      -1.90674,
      53.35358
     ],
     [
      -1.90653,
      53.35361
     ],
     [
      -1.90631,
      53.35368
     ],
     [
      -1.906,
      53.35378
     ],
     [
      -1.90562,
      53.35393
     ],
     [
      -1.90527,
      53.3541
     ],
     [
      -1.90491,
      53.35429
     ],
     [
      -1.9045,
      53.35453
     ],
     [
      -1.90398,
      53.35486
     ],
     [
      -1.90362,
      53.35507
     ],
     [
      -1.90335,
      53.3552
     ],
     [
      -1.90302,
      53.35533
     ],
     [
      -1.90278,
      53.35541
     ],
     [
      -1.90261,
      53.35545
     ]
    ],
    "type": "LineString"
   },
   "properties": {
    "council": "Derbyshire County Council",
    "current": "Claimed BOAT 82",
    "details": {
     "stage": "Awaiting action"
    },
    "kind": "dmmo-application",
    "parish": "Chinley, Buxworth and Brownside",
    "ref": "03266",
    "seeks": "Upgrade Footpath to BOAT",
    "source": "derbyshire-applications",
    "state": "open",
    "ways": []
   },
   "type": "Feature"
  },
  {
   "geometry": {
    "coordinates": [
     [
      [
       -1.75598,
       53.00575
      ],
      [
       -1.75618,
       53.00587
      ],
      [
       -1.75664,
       53.00609
      ],
      [
       -1.7568,
       53.00619
      ],
      [
       -1.75737,
       53.00656
      ],
      [
       -1.75768,
       53.00673
      ],
      [
       -1.75788,
       53.00682
      ],
      [
       -1.75818,
       53.00693
      ],
      [
       -1.75843,
       53.00702
      ]
     ],
     [
      [
       -1.75598,
       53.00575
      ],
      [
       -1.75588,
       53.0057
      ],
      [
       -1.75565,
       53.00562
      ],
      [
       -1.75543,
       53.00557
      ],
      [
       -1.75515,
       53.00554
      ],
      [
       -1.75436,
       53.00541
      ],
      [
       -1.75306,
       53.00516
      ],
      [
       -1.75226,
       53.00501
      ],
      [
       -1.7519,
       53.00491
      ],
      [
       -1.75162,
       53.00476
      ],
      [
       -1.7514,
       53.00467
      ],
      [
       -1.75086,
       53.00433
      ],
      [
       -1.75028,
       53.00405
      ],
      [
       -1.75,
       53.00394
      ]
     ]
    ],
    "type": "MultiLineString"
   },
   "properties": {
    "council": "Derbyshire County Council",
    "current": "Claimed BOAT 18",
    "details": {
     "stage": "Awaiting action"
    },
    "kind": "dmmo-application",
    "parish": "Clifton and Compton",
    "ref": "03267",
    "seeks": "Add Byway",
    "source": "derbyshire-applications",
    "state": "open",
    "ways": []
   },
   "type": "Feature"
  },
  {
   "geometry": {
    "coordinates": [
     [
      [
       -1.9616,
       53.44379
      ],
      [
       -1.96206,
       53.44322
      ],
      [
       -1.96231,
       53.44306
      ],
      [
       -1.96236,
       53.44301
      ],
      [
       -1.96247,
       53.4429
      ],
      [
       -1.96245,
       53.44284
      ],
      [
       -1.96239,
       53.4428
      ],
      [
       -1.96231,
       53.44276
      ]
     ],
     [
      [
       -1.96231,
       53.44276
      ],
      [
       -1.96221,
       53.44271
      ],
      [
       -1.96228,
       53.44262
      ],
      [
       -1.96235,
       53.44257
      ],
      [
       -1.96242,
       53.44251
      ],
      [
       -1.96247,
       53.44247
      ],
      [
       -1.96251,
       53.44242
      ],
      [
       -1.96242,
       53.44237
      ],
      [
       -1.96231,
       53.44231
      ],
      [
       -1.96193,
       53.4421
      ],
      [
       -1.96155,
       53.44192
      ],
      [
       -1.96141,
       53.44186
      ],
      [
       -1.96082,
       53.44164
      ]
     ]
    ],
    "type": "MultiLineString"
   },
   "properties": {
    "council": "Derbyshire County Council",
    "current": "Claimed BOAT 190",
    "details": {
     "stage": "Awaiting action"
    },
    "kind": "dmmo-application",
    "parish": "Glossop",
    "ref": "03270",
    "seeks": "Add Byway",
    "source": "derbyshire-applications",
    "state": "open",
    "ways": []
   },
   "type": "Feature"
  },
  {
   "geometry": {
    "coordinates": [
     [
      [
       -1.74236,
       53.35574
      ],
      [
       -1.7423,
       53.35567
      ],
      [
       -1.74222,
       53.35553
      ],
      [
       -1.74219,
       53.35529
      ],
      [
       -1.74222,
       53.35517
      ],
      [
       -1.74227,
       53.35496
      ],
      [
       -1.74228,
       53.35483
      ],
      [
       -1.74223,
       53.35469
      ],
      [
       -1.74213,
       53.35452
      ]
     ],
     [
      [
       -1.74337,
       53.35144
      ],
      [
       -1.74333,
       53.35164
      ],
      [
       -1.7433,
       53.35182
      ],
      [
       -1.74326,
       53.35188
      ],
      [
       -1.74316,
       53.35198
      ]
     ],
     [
      [
       -1.74316,
       53.35198
      ],
      [
       -1.74311,
       53.35208
      ],
      [
       -1.74304,
       53.35216
      ],
      [
       -1.74286,
       53.35227
      ],
      [
       -1.74281,
       53.35229
      ]
     ],
     [
      [
       -1.74281,
       53.35229
      ],
      [
       -1.74263,
       53.35242
      ],
      [
       -1.74253,
       53.35249
      ],
      [
       -1.74248,
       53.35254
      ],
      [
       -1.74244,
       53.35259
      ],
      [
       -1.74235,
       53.35274
      ],
      [
       -1.74225,
       53.35295
      ],
      [
       -1.74208,
       53.35327
      ],
      [
       -1.74209,
       53.35332
      ],
      [
       -1.7421,
       53.3534
      ],
      [
       -1.74212,
       53.35347
      ],
      [
       -1.74218,
       53.35356
      ],
      [
       -1.74223,
       53.35361
      ],
      [
       -1.74229,
       53.35367
      ],
      [
       -1.74245,
       53.35379
      ],
      [
       -1.7426,
       53.35395
      ],
      [
       -1.74263,
       53.35402
      ],
      [
       -1.74265,
       53.35409
      ],
      [
       -1.74265,
       53.35417
      ],
      [
       -1.74264,
       53.35426
      ],
      [
       -1.74257,
       53.35436
      ],
      [
       -1.74254,
       53.35438
      ],
      [
       -1.74224,
       53.35449
      ],
      [
       -1.74213,
       53.35452
      ]
     ]
    ],
    "type": "MultiLineString"
   },
   "properties": {
    "council": "Derbyshire County Council",
    "current": "Claimed BOAT 44",
    "details": {
     "stage": "Awaiting action"
    },
    "kind": "dmmo-application",
    "parish": "Hope",
    "ref": "03285",
    "seeks": "Add Byway",
    "source": "derbyshire-applications",
    "state": "open",
    "ways": []
   },
   "type": "Feature"
  },
  {
   "geometry": {
    "coordinates": [
     [
      [
       -1.43172,
       52.83436
      ],
      [
       -1.43182,
       52.83446
      ],
      [
       -1.43187,
       52.83457
      ],
      [
       -1.43187,
       52.83468
      ],
      [
       -1.43178,
       52.83489
      ],
      [
       -1.43175,
       52.83494
      ],
      [
       -1.43174,
       52.835
      ],
      [
       -1.43175,
       52.83505
      ],
      [
       -1.43178,
       52.8351
      ],
      [
       -1.43182,
       52.83514
      ],
      [
       -1.4319,
       52.83519
      ],
      [
       -1.43198,
       52.83523
      ],
      [
       -1.43215,
       52.83529
      ],
      [
       -1.43241,
       52.83536
      ],
      [
       -1.4326,
       52.83543
      ],
      [
       -1.43286,
       52.83561
      ],
      [
       -1.43309,
       52.83579
      ],
      [
       -1.43359,
       52.83612
      ],
      [
       -1.43413,
       52.83646
      ],
      [
       -1.43514,
       52.83692
      ],
      [
       -1.43562,
       52.8371
      ],
      [
       -1.43609,
       52.83722
      ],
      [
       -1.43657,
       52.83733
      ],
      [
       -1.43698,
       52.83742
      ],
      [
       -1.43721,
       52.83746
      ],
      [
       -1.43776,
       52.83755
      ],
      [
       -1.43874,
       52.83772
      ],
      [
       -1.43916,
       52.83779
      ],
      [
       -1.43945,
       52.83784
      ],
      [
       -1.43976,
       52.83794
      ],
      [
       -1.44108,
       52.83833
      ],
      [
       -1.44142,
       52.83844
      ],
      [
       -1.44171,
       52.83857
      ],
      [
       -1.442,
       52.83871
      ],
      [
       -1.44252,
       52.83897
      ],
      [
       -1.44273,
       52.8391
      ],
      [
       -1.44282,
       52.83914
      ],
      [
       -1.44289,
       52.8392
      ]
     ],
     [
      [
       -1.44289,
       52.8392
      ],
      [
       -1.44301,
       52.83931
      ],
      [
       -1.44306,
       52.83942
      ],
      [
       -1.44306,
       52.83959
      ],
      [
       -1.44305,
       52.83976
      ],
      [
       -1.443,
       52.83996
      ],
      [
       -1.44298,
       52.84007
      ],
      [
       -1.44301,
       52.84018
      ],
      [
       -1.44309,
       52.84035
      ],
      [
       -1.44313,
       52.84049
      ],
      [
       -1.44315,
       52.84069
      ],
      [
       -1.44314,
       52.84085
      ],
      [
       -1.44311,
       52.84104
      ],
      [
       -1.44307,
       52.84122
      ],
      [
       -1.44307,
       52.84135
      ],
      [
       -1.44311,
       52.84152
      ],
      [
       -1.44325,
       52.84178
      ],
      [
       -1.44336,
       52.84201
      ],
      [
       -1.44343,
       52.84216
      ],
      [
       -1.44358,
       52.84226
      ],
      [
       -1.44379,
       52.84234
      ],
      [
       -1.44389,
       52.84239
      ],
      [
       -1.44415,
       52.84241
      ],
      [
       -1.44454,
       52.84249
      ],
      [
       -1.44476,
       52.84254
      ],
      [
       -1.44483,
       52.84257
      ],
      [
       -1.44487,
       52.84259
      ]
     ],
     [
      [
       -1.42867,
       52.83176
      ],
      [
       -1.42876,
       52.83196
      ],
      [
       -1.42883,
       52.83216
      ],
      [
       -1.42889,
       52.83242
      ],
      [
       -1.42893,
       52.83256
      ],
      [
       -1.42905,
       52.83266
      ],
      [
       -1.42958,
       52.83291
      ],
      [
       -1.42984,
       52.83307
      ],
      [
       -1.43021,
       52.83331
      ],
      [
       -1.43045,
       52.83347
      ],
      [
       -1.43097,
       52.83386
      ],
      [
       -1.43154,
       52.83425
      ],
      [
       -1.43172,
       52.83436
      ]
     ],
     [
      [
       -1.44487,
       52.84259
      ],
      [
       -1.44495,
       52.84266
      ],
      [
       -1.44502,
       52.84276
      ],
      [
       -1.44521,
       52.84303
      ],
      [
       -1.44533,
       52.84317
      ],
      [
       -1.44542,
       52.84327
      ],
      [
       -1.44554,
       52.84336
      ],
      [
       -1.44569,
       52.84345
      ],
      [
       -1.44592,
       52.84355
      ],
      [
       -1.44616,
       52.84362
      ],
      [
       -1.44645,
       52.84366
      ],
      [
       -1.44666,
       52.84368
      ],
      [
       -1.44695,
       52.84368
      ],
      [
       -1.44715,
       52.84366
      ],
      [
       -1.44751,
       52.84362
      ],
      [
       -1.44795,
       52.84357
      ],
      [
       -1.44818,
       52.84355
      ],
      [
       -1.44836,
       52.84354
      ],
      [
       -1.44901,
       52.84354
      ]
     ]
    ],
    "type": "MultiLineString"
   },
   "properties": {
    "council": "Derbyshire County Council",
    "current": "Restricted Byway 1",
    "details": {
     "stage": "Awaiting action"
    },
    "kind": "dmmo-application",
    "parish": "Melbourne",
    "ref": "03293",
    "seeks": "Upgrades and extends Restricted Byway as a Byway Open to All Traffic",
    "source": "derbyshire-applications",
    "state": "open",
    "ways": []
   },
   "type": "Feature"
  },
  {
   "geometry": {
    "coordinates": [
     [
      [
       -1.7815,
       53.19593
      ],
      [
       -1.78155,
       53.19603
      ],
      [
       -1.78172,
       53.19621
      ],
      [
       -1.78185,
       53.19641
      ],
      [
       -1.7819,
       53.19654
      ]
     ],
     [
      [
       -1.7819,
       53.19654
      ],
      [
       -1.78201,
       53.19678
      ],
      [
       -1.78221,
       53.19715
      ],
      [
       -1.78239,
       53.19743
      ],
      [
       -1.78251,
       53.19758
      ],
      [
       -1.78266,
       53.19775
      ],
      [
       -1.78284,
       53.198
      ],
      [
       -1.78292,
       53.19819
      ]
     ],
     [
      [
       -1.78292,
       53.19819
      ],
      [
       -1.78304,
       53.19843
      ],
      [
       -1.78312,
       53.19864
      ],
      [
       -1.7832,
       53.19896
      ],
      [
       -1.78323,
       53.19904
      ],
      [
       -1.78331,
       53.19911
      ],
      [
       -1.78351,
       53.19917
      ],
      [
       -1.78399,
       53.19936
      ],
      [
       -1.78408,
       53.1994
      ],
      [
       -1.78437,
       53.19959
      ],
      [
       -1.78469,
       53.19982
      ],
      [
       -1.78535,
       53.20029
      ],
      [
       -1.78582,
       53.20063
      ],
      [
       -1.78596,
       53.20076
      ],
      [
       -1.78604,
       53.20086
      ],
      [
       -1.78611,
       53.201
      ],
      [
       -1.78621,
       53.20121
      ],
      [
       -1.78628,
       53.20136
      ],
      [
       -1.78638,
       53.20153
      ],
      [
       -1.78655,
       53.20173
      ],
      [
       -1.78681,
       53.20202
      ],
      [
       -1.78703,
       53.20225
      ],
      [
       -1.78711,
       53.20233
      ],
      [
       -1.78715,
       53.20234
      ]
     ]
    ],
    "type": "MultiLineString"
   },
   "properties": {
    "council": "Derbyshire County Council",
    "current": "Claimed BOAT 27",
    "details": {
     "stage": "Awaiting action"
    },
    "kind": "dmmo-application",
    "parish": "Monyash",
    "ref": "03294",
    "seeks": "Adds Byway Open to All Traffic along non classified highway",
    "source": "derbyshire-applications",
    "state": "open",
    "ways": []
   },
   "type": "Feature"
  },
  {
   "geometry": {
    "coordinates": [
     [
      -1.77746,
      53.20025
     ],
     [
      -1.77774,
      53.20034
     ],
     [
      -1.77802,
      53.20038
     ],
     [
      -1.7783,
      53.20041
     ],
     [
      -1.77866,
      53.20042
     ],
     [
      -1.77882,
      53.20043
     ],
     [
      -1.77911,
      53.20047
     ],
     [
      -1.77952,
      53.2006
     ],
     [
      -1.77995,
      53.20078
     ],
     [
      -1.78008,
      53.20087
     ],
     [
      -1.7802,
      53.20096
     ],
     [
      -1.78044,
      53.20112
     ],
     [
      -1.78057,
      53.20119
     ],
     [
      -1.78069,
      53.20123
     ],
     [
      -1.78092,
      53.20132
     ],
     [
      -1.78106,
      53.20137
     ],
     [
      -1.78134,
      53.20145
     ],
     [
      -1.78168,
      53.20154
     ],
     [
      -1.78203,
      53.20161
     ],
     [
      -1.78233,
      53.20167
     ],
     [
      -1.78264,
      53.20173
     ],
     [
      -1.78312,
      53.20185
     ],
     [
      -1.78364,
      53.20198
     ],
     [
      -1.78379,
      53.20203
     ],
     [
      -1.78397,
      53.2021
     ],
     [
      -1.78416,
      53.20221
     ],
     [
      -1.78429,
      53.20227
     ],
     [
      -1.78443,
      53.2023
     ],
     [
      -1.78464,
      53.20231
     ],
     [
      -1.78487,
      53.20229
     ],
     [
      -1.78501,
      53.2023
     ],
     [
      -1.78534,
      53.20234
     ],
     [
      -1.78558,
      53.20238
     ],
     [
      -1.78612,
      53.20251
     ],
     [
      -1.78655,
      53.2026
     ],
     [
      -1.78696,
      53.2027
     ],
     [
      -1.78716,
      53.20271
     ]
    ],
    "type": "LineString"
   },
   "properties": {
    "council": "Derbyshire County Council",
    "current": "Claimed BOAT 28",
    "details": {
     "stage": "Awaiting action"
    },
    "kind": "dmmo-application",
    "parish": "Monyash",
    "ref": "03295",
    "seeks": "Adds Byway Open to All Traffic along non classified highway",
    "source": "derbyshire-applications",
    "state": "open",
    "ways": []
   },
   "type": "Feature"
  },
  {
   "geometry": {
    "coordinates": [
     [
      [
       -1.67584,
       53.18489
      ],
      [
       -1.67633,
       53.18675
      ],
      [
       -1.67643,
       53.18717
      ],
      [
       -1.67659,
       53.18777
      ],
      [
       -1.67665,
       53.18803
      ],
      [
       -1.67683,
       53.1887
      ],
      [
       -1.67695,
       53.18917
      ],
      [
       -1.67708,
       53.18971
      ],
      [
       -1.67722,
       53.19025
      ],
      [
       -1.67735,
       53.1908
      ],
      [
       -1.67747,
       53.19129
      ],
      [
       -1.67758,
       53.19171
      ]
     ],
     [
      [
       -1.67758,
       53.19171
      ],
      [
       -1.6777,
       53.19229
      ]
     ],
     [
      [
       -1.67585,
       53.18492
      ],
      [
       -1.67566,
       53.18439
      ],
      [
       -1.67562,
       53.18424
      ]
     ],
     [
      [
       -1.67561,
       53.18424
      ],
      [
       -1.67552,
       53.18398
      ],
      [
       -1.67537,
       53.18377
      ],
      [
       -1.67508,
       53.18342
      ],
      [
       -1.67483,
       53.18312
      ],
      [
       -1.67447,
       53.18269
      ],
      [
       -1.67403,
       53.18212
      ],
      [
       -1.67374,
       53.18176
      ],
      [
       -1.67333,
       53.18132
      ],
      [
       -1.67293,
       53.18095
      ],
      [
       -1.67281,
       53.18087
      ],
      [
       -1.67243,
       53.18071
      ],
      [
       -1.67226,
       53.18064
      ],
      [
       -1.67195,
       53.18053
      ],
      [
       -1.67155,
       53.18044
      ],
      [
       -1.67093,
       53.18031
      ],
      [
       -1.67084,
       53.18028
      ],
      [
       -1.67077,
       53.1802
      ],
      [
       -1.67072,
       53.1799
      ],
      [
       -1.67066,
       53.1797
      ],
      [
       -1.67058,
       53.1795
      ],
      [
       -1.67044,
       53.17921
      ],
      [
       -1.67042,
       53.17894
      ],
      [
       -1.67042,
       53.17874
      ],
      [
       -1.67034,
       53.17861
      ],
      [
       -1.67029,
       53.17854
      ]
     ]
    ],
    "type": "MultiLineString"
   },
   "properties": {
    "council": "Derbyshire County Council",
    "current": "Restricted Byway 21",
    "details": {
     "stage": "Awaiting action"
    },
    "kind": "dmmo-application",
    "parish": "Nether Haddon",
    "ref": "03298",
    "seeks": "Upgrades Restricted Byway to a Byway Open to All Traffic",
    "source": "derbyshire-applications",
    "state": "open",
    "ways": []
   },
   "type": "Feature"
  },
  {
   "geometry": {
    "coordinates": [
     [
      -1.72958,
      53.19872
     ],
     [
      -1.72976,
      53.19922
     ],
     [
      -1.73012,
      53.20053
     ],
     [
      -1.73057,
      53.20214
     ],
     [
      -1.73076,
      53.20271
     ]
    ],
    "type": "LineString"
   },
   "properties": {
    "council": "Derbyshire County Council",
    "current": "Claimed BOAT 47",
    "details": {
     "stage": "Awaiting action"
    },
    "kind": "dmmo-application",
    "parish": "Bakewell",
    "ref": "03307",
    "seeks": "Add Byway",
    "source": "derbyshire-applications",
    "state": "open",
    "ways": []
   },
   "type": "Feature"
  },
  {
   "geometry": {
    "coordinates": [
     [
      [
       -1.63828,
       53.20154
      ],
      [
       -1.63838,
       53.20167
      ],
      [
       -1.63852,
       53.20178
      ],
      [
       -1.63873,
       53.2019
      ],
      [
       -1.63891,
       53.20197
      ],
      [
       -1.63913,
       53.20204
      ],
      [
       -1.63925,
       53.20208
      ],
      [
       -1.63938,
       53.20215
      ],
      [
       -1.63956,
       53.20225
      ],
      [
       -1.63975,
       53.20235
      ],
      [
       -1.63997,
       53.20244
      ],
      [
       -1.64019,
       53.20251
      ],
      [
       -1.64036,
       53.2026
      ],
      [
       -1.64055,
       53.20272
      ],
      [
       -1.64075,
       53.20284
      ],
      [
       -1.64105,
       53.20297
      ],
      [
       -1.64132,
       53.20307
      ],
      [
       -1.64151,
       53.2031
      ],
      [
       -1.64172,
       53.2031
      ],
      [
       -1.64191,
       53.20313
      ],
      [
       -1.64207,
       53.20317
      ],
      [
       -1.64215,
       53.20321
      ],
      [
       -1.64228,
       53.20327
      ],
      [
       -1.64231,
       53.20331
      ],
      [
       -1.64236,
       53.20338
      ],
      [
       -1.6424,
       53.2035
      ],
      [
       -1.64243,
       53.20359
      ],
      [
       -1.64251,
       53.20371
      ],
      [
       -1.64261,
       53.20381
      ],
      [
       -1.64272,
       53.20388
      ],
      [
       -1.64284,
       53.20394
      ],
      [
       -1.64304,
       53.20402
      ],
      [
       -1.64316,
       53.20409
      ],
      [
       -1.64331,
       53.20418
      ],
      [
       -1.64349,
       53.20429
      ],
      [
       -1.6437,
       53.2044
      ],
      [
       -1.64402,
       53.20454
      ],
      [
       -1.64429,
       53.20462
      ],
      [
       -1.64496,
       53.20477
      ],
      [
       -1.64569,
       53.20494
      ],
      [
       -1.6461,
       53.20502
      ],
      [
       -1.64627,
       53.20503
      ],
      [
       -1.64671,
       53.205
      ],
      [
       -1.64693,
       53.20499
      ],
      [
       -1.64754,
       53.20502
      ],
      [
       -1.64773,
       53.20503
      ],
      [
       -1.64807,
       53.20506
      ],
      [
       -1.6487,
       53.20514
      ],
      [
       -1.6492,
       53.2052
      ],
      [
       -1.64938,
       53.20523
      ],
      [
       -1.64959,
       53.20531
      ],
      [
       -1.64991,
       53.20546
      ],
      [
       -1.65011,
       53.20554
      ],
      [
       -1.6504,
       53.20562
      ],
      [
       -1.65071,
       53.20569
      ],
      [
       -1.65118,
       53.20579
      ],
      [
       -1.65163,
       53.20587
      ],
      [
       -1.65208,
       53.20595
      ],
      [
       -1.65237,
       53.20601
      ],
      [
       -1.65267,
       53.20611
      ],
      [
       -1.653,
       53.20619
      ],
      [
       -1.6534,
       53.20626
      ],
      [
       -1.65369,
       53.20629
      ],
      [
       -1.65395,
       53.20634
      ],
      [
       -1.65412,
       53.20637
      ],
      [
       -1.65433,
       53.20642
      ],
      [
       -1.65452,
       53.2065
      ],
      [
       -1.65473,
       53.2066
      ],
      [
       -1.65513,
       53.20679
      ],
      [
       -1.6554,
       53.20694
      ],
      [
       -1.65551,
       53.207
      ],
      [
       -1.65561,
       53.20707
      ],
      [
       -1.65568,
       53.20713
      ],
      [
       -1.65577,
       53.20722
      ],
      [
       -1.65591,
       53.20736
      ],
      [
       -1.65599,
       53.20742
      ],
      [
       -1.65607,
       53.20746
      ],
      [
       -1.65627,
       53.20754
      ],
      [
       -1.65677,
       53.20764
      ]
     ],
     [
      [
       -1.62905,
       53.18975
      ],
      [
       -1.62927,
       53.19018
      ],
      [
       -1.62956,
       53.19067
      ],
      [
       -1.62966,
       53.1911
      ],
      [
       -1.62999,
       53.19154
      ],
      [
       -1.63023,
       53.19185
      ],
      [
       -1.63041,
       53.19198
      ],
      [
       -1.63071,
       53.1921
      ],
      [
       -1.6309,
       53.19226
      ],
      [
       -1.63138,
       53.19244
      ],
      [
       -1.63192,
       53.19254
      ],
      [
       -1.63238,
       53.19251
      ],
      [
       -1.63276,
       53.19238
      ],
      [
       -1.63335,
       53.19282
      ],
      [
       -1.63405,
       53.19339
      ],
      [
       -1.63486,
       53.19403
      ],
      [
       -1.63548,
       53.19452
      ],
      [
       -1.63599,
       53.19478
      ],
      [
       -1.63655,
       53.19517
      ],
      [
       -1.63695,
       53.19559
      ],
      [
       -1.63738,
       53.19608
      ],
      [
       -1.63781,
       53.1966
      ],
      [
       -1.63832,
       53.19691
      ],
      [
       -1.63859,
       53.19732
      ],
      [
       -1.6388,
       53.19797
      ]
     ]
    ],
    "type": "MultiLineString"
   },
   "properties": {
    "council": "Derbyshire County Council",
    "current": "Claimed BOAT 44",
    "details": {
     "stage": "Awaiting action"
    },
    "kind": "dmmo-application",
    "parish": "Bakewell",
    "ref": "03313",
    "seeks": "Adds Byway",
    "source": "derbyshire-applications",
    "state": "open",
    "ways": []
   },
   "type": "Feature"
  },
  {
   "geometry": {
    "coordinates": [
     [
      [
       -1.66472,
       52.97982
      ],
      [
       -1.6645,
       52.98103
      ]
     ],
     [
      [
       -1.66096,
       52.97409
      ],
      [
       -1.6612,
       52.97437
      ],
      [
       -1.66144,
       52.97465
      ],
      [
       -1.66178,
       52.97492
      ],
      [
       -1.66224,
       52.97551
      ],
      [
       -1.66268,
       52.97596
      ],
      [
       -1.66306,
       52.97638
      ],
      [
       -1.66331,
       52.97655
      ],
      [
       -1.66345,
       52.97676
      ],
      [
       -1.66362,
       52.97716
      ],
      [
       -1.66374,
       52.97742
      ],
      [
       -1.66384,
       52.97775
      ],
      [
       -1.6639,
       52.97801
      ],
      [
       -1.664,
       52.97826
      ],
      [
       -1.66416,
       52.97849
      ],
      [
       -1.66452,
       52.97898
      ],
      [
       -1.66473,
       52.97933
      ],
      [
       -1.66477,
       52.97949
      ],
      [
       -1.66472,
       52.97982
      ]
     ]
    ],
    "type": "MultiLineString"
   },
   "properties": {
    "council": "Derbyshire County Council",
    "current": "Claimed BOAT 49",
    "details": {
     "stage": "Awaiting action"
    },
    "kind": "dmmo-application",
    "parish": "Brailsford",
    "ref": "03314",
    "seeks": "Add Byway",
    "source": "derbyshire-applications",
    "state": "open",
    "ways": []
   },
   "type": "Feature"
  },
  {
   "geometry": {
    "coordinates": [
     [
      [
       -1.76476,
       53.21344
      ],
      [
       -1.76472,
       53.21352
      ],
      [
       -1.76471,
       53.21357
      ],
      [
       -1.7647,
       53.21362
      ],
      [
       -1.7647,
       53.21366
      ],
      [
       -1.76472,
       53.21378
      ],
      [
       -1.76473,
       53.21385
      ],
      [
       -1.76474,
       53.21393
      ],
      [
       -1.76473,
       53.21398
      ],
      [
       -1.76471,
       53.21408
      ],
      [
       -1.76468,
       53.21422
      ],
      [
       -1.76467,
       53.21428
      ],
      [
       -1.76467,
       53.21434
      ],
      [
       -1.76466,
       53.21456
      ],
      [
       -1.76464,
       53.21473
      ],
      [
       -1.76462,
       53.21486
      ],
      [
       -1.76458,
       53.215
      ],
      [
       -1.76456,
       53.21506
      ],
      [
       -1.76454,
       53.21513
      ],
      [
       -1.76453,
       53.21518
      ],
      [
       -1.76452,
       53.21523
      ],
      [
       -1.76452,
       53.2153
      ],
      [
       -1.76453,
       53.21536
      ],
      [
       -1.76455,
       53.21546
      ],
      [
       -1.76455,
       53.2155
      ],
      [
       -1.76455,
       53.21561
      ],
      [
       -1.76453,
       53.21571
      ],
      [
       -1.76448,
       53.2159
      ],
      [
       -1.76444,
       53.2161
      ],
      [
       -1.76442,
       53.21618
      ],
      [
       -1.76438,
       53.21628
      ],
      [
       -1.76437,
       53.21632
      ],
      [
       -1.76438,
       53.21636
      ],
      [
       -1.7644,
       53.2164
      ],
      [
       -1.76443,
       53.21646
      ],
      [
       -1.76444,
       53.21647
      ]
     ],
     [
      [
       -1.76444,
       53.21647
      ],
      [
       -1.76448,
       53.21651
      ],
      [
       -1.76457,
       53.21658
      ],
      [
       -1.76463,
       53.21664
      ],
      [
       -1.76468,
       53.2167
      ],
      [
       -1.76471,
       53.21676
      ],
      [
       -1.76475,
       53.21683
      ],
      [
       -1.76477,
       53.2169
      ],
      [
       -1.76479,
       53.21697
      ],
      [
       -1.76479,
       53.21707
      ],
      [
       -1.76481,
       53.21719
      ],
      [
       -1.7648,
       53.2173
      ],
      [
       -1.76477,
       53.21743
      ],
      [
       -1.76469,
       53.21763
      ],
      [
       -1.76466,
       53.21775
      ],
      [
       -1.76461,
       53.21793
      ],
      [
       -1.76457,
       53.21805
      ],
      [
       -1.76455,
       53.21814
      ],
      [
       -1.76455,
       53.21821
      ],
      [
       -1.76455,
       53.21829
      ],
      [
       -1.76459,
       53.21838
      ],
      [
       -1.7647,
       53.21864
      ],
      [
       -1.76477,
       53.21875
      ],
      [
       -1.76485,
       53.21885
      ],
      [
       -1.76496,
       53.21899
      ],
      [
       -1.76503,
       53.21908
      ],
      [
       -1.76521,
       53.21931
      ],
      [
       -1.76536,
       53.21952
      ],
      [
       -1.76555,
       53.21978
      ],
      [
       -1.76568,
       53.21998
      ],
      [
       -1.76584,
       53.22021
      ],
      [
       -1.7659,
       53.2203
      ],
      [
       -1.76594,
       53.22037
      ],
      [
       -1.76604,
       53.22049
      ],
      [
       -1.76615,
       53.2206
      ],
      [
       -1.76644,
       53.22086
      ],
      [
       -1.76653,
       53.22093
      ],
      [
       -1.76708,
       53.22129
      ],
      [
       -1.76734,
       53.22144
      ],
      [
       -1.76751,
       53.22153
      ],
      [
       -1.76768,
       53.22164
      ],
      [
       -1.76775,
       53.22171
      ],
      [
       -1.76788,
       53.22183
      ],
      [
       -1.76801,
       53.22196
      ],
      [
       -1.76808,
       53.22205
      ],
      [
       -1.76821,
       53.22219
      ],
      [
       -1.76837,
       53.2226
      ],
      [
       -1.76842,
       53.22274
      ],
      [
       -1.76849,
       53.22307
      ],
      [
       -1.76851,
       53.22316
      ],
      [
       -1.76851,
       53.22319
      ],
      [
       -1.76851,
       53.22327
      ],
      [
       -1.76851,
       53.22337
      ],
      [
       -1.76851,
       53.22363
      ],
      [
       -1.76852,
       53.22385
      ],
      [
       -1.76852,
       53.22405
      ],
      [
       -1.76851,
       53.22411
      ]
     ]
    ],
    "type": "MultiLineString"
   },
   "properties": {
    "council": "Derbyshire County Council",
    "current": "Claimed BOAT 21",
    "details": {
     "stage": "Draft Order & Plan in Preparation"
    },
    "kind": "dmmo-application",
    "parish": "Sheldon",
    "ref": "03316",
    "seeks": "Adds BOAT",
    "source": "derbyshire-applications",
    "state": "open",
    "ways": []
   },
   "type": "Feature"
  },
  {
   "geometry": {
    "coordinates": [
     [
      -1.76851,
      53.22411
     ],
     [
      -1.7685,
      53.22415
     ],
     [
      -1.76857,
      53.22483
     ],
     [
      -1.76862,
      53.22523
     ],
     [
      -1.76872,
      53.22588
     ],
     [
      -1.76873,
      53.2262
     ],
     [
      -1.76872,
      53.2264
     ],
     [
      -1.76869,
      53.22654
     ],
     [
      -1.76866,
      53.22669
     ],
     [
      -1.76865,
      53.22681
     ],
     [
      -1.76866,
      53.22691
     ],
     [
      -1.76869,
      53.22702
     ],
     [
      -1.76885,
      53.2274
     ],
     [
      -1.76892,
      53.22757
     ],
     [
      -1.76896,
      53.22774
     ],
     [
      -1.76901,
      53.22794
     ],
     [
      -1.76912,
      53.22813
     ],
     [
      -1.76927,
      53.22839
     ],
     [
      -1.76942,
      53.2286
     ],
     [
      -1.76963,
      53.22886
     ],
     [
      -1.76978,
      53.22905
     ],
     [
      -1.76983,
      53.22912
     ],
     [
      -1.7702,
      53.22973
     ],
     [
      -1.77035,
      53.23
     ],
     [
      -1.77043,
      53.23022
     ],
     [
      -1.77049,
      53.2304
     ],
     [
      -1.77063,
      53.23063
     ],
     [
      -1.77074,
      53.23083
     ],
     [
      -1.77085,
      53.23099
     ],
     [
      -1.77095,
      53.23115
     ],
     [
      -1.77103,
      53.23126
     ],
     [
      -1.77107,
      53.23132
     ],
     [
      -1.77111,
      53.23136
     ],
     [
      -1.77123,
      53.23146
     ],
     [
      -1.77148,
      53.23164
     ],
     [
      -1.77163,
      53.23174
     ],
     [
      -1.77191,
      53.23196
     ]
    ],
    "type": "LineString"
   },
   "properties": {
    "council": "Derbyshire County Council",
    "current": "Claimed BOAT 71",
    "details": {
     "stage": "Officer Recommendation Approved at Committee"
    },
    "kind": "dmmo-application",
    "parish": "Taddington",
    "ref": "03317",
    "seeks": "Add Byway",
    "source": "derbyshire-applications",
    "state": "open",
    "ways": []
   },
   "type": "Feature"
  },
  {
   "geometry": {
    "coordinates": [
     [
      [
       -1.77191,
       53.23196
      ],
      [
       -1.77211,
       53.2321
      ],
      [
       -1.77234,
       53.23232
      ],
      [
       -1.77243,
       53.23243
      ],
      [
       -1.77257,
       53.23262
      ],
      [
       -1.77268,
       53.2328
      ],
      [
       -1.77284,
       53.23311
      ]
     ],
     [
      [
       -1.77284,
       53.23311
      ],
      [
       -1.77292,
       53.23326
      ],
      [
       -1.77302,
       53.2334
      ],
      [
       -1.77322,
       53.23354
      ],
      [
       -1.77342,
       53.23367
      ],
      [
       -1.77359,
       53.23377
      ],
      [
       -1.77378,
       53.23384
      ],
      [
       -1.77408,
       53.23394
      ],
      [
       -1.77452,
       53.23409
      ],
      [
       -1.77487,
       53.23422
      ],
      [
       -1.77516,
       53.23431
      ],
      [
       -1.77529,
       53.23435
      ],
      [
       -1.77563,
       53.23444
      ],
      [
       -1.77599,
       53.23453
      ],
      [
       -1.77625,
       53.23458
      ],
      [
       -1.77721,
       53.23479
      ],
      [
       -1.7776,
       53.23486
      ],
      [
       -1.77801,
       53.23494
      ],
      [
       -1.77846,
       53.23502
      ],
      [
       -1.77884,
       53.23509
      ],
      [
       -1.77919,
       53.23513
      ],
      [
       -1.77955,
       53.23516
      ],
      [
       -1.78031,
       53.2352
      ]
     ]
    ],
    "type": "MultiLineString"
   },
   "properties": {
    "council": "Derbyshire County Council",
    "current": "Claimed BOAT 73",
    "details": {
     "stage": "Officer Recommendation Approved at Committee"
    },
    "kind": "dmmo-application",
    "parish": "Taddington",
    "ref": "03318",
    "seeks": "Adds a Byway Open to All Traffic along non classified highway",
    "source": "derbyshire-applications",
    "state": "open",
    "ways": []
   },
   "type": "Feature"
  },
  {
   "geometry": {
    "coordinates": [
     [
      -1.78607,
      53.23219
     ],
     [
      -1.78568,
      53.23255
     ],
     [
      -1.78536,
      53.23294
     ],
     [
      -1.78527,
      53.23345
     ],
     [
      -1.7851,
      53.23372
     ],
     [
      -1.78469,
      53.23401
     ],
     [
      -1.78431,
      53.23434
     ],
     [
      -1.78401,
      53.23456
     ],
     [
      -1.7836,
      53.23473
     ],
     [
      -1.78342,
      53.23492
     ],
     [
      -1.78323,
      53.23519
     ],
     [
      -1.78265,
      53.23592
     ]
    ],
    "type": "LineString"
   },
   "properties": {
    "council": "Derbyshire County Council",
    "current": "Claimed BOAT 69",
    "details": {
     "stage": "Draft Order & Plan in Preparation"
    },
    "kind": "dmmo-application",
    "parish": "Taddington",
    "ref": "03320",
    "seeks": "Adds a Byway Open to All Traffic along non classified highway",
    "source": "derbyshire-applications",
    "state": "open",
    "ways": []
   },
   "type": "Feature"
  },
  {
   "geometry": {
    "coordinates": [
     [
      -1.64888,
      53.22381
     ],
     [
      -1.64843,
      53.22382
     ],
     [
      -1.6478,
      53.22385
     ],
     [
      -1.64707,
      53.22388
     ],
     [
      -1.64659,
      53.2239
     ],
     [
      -1.64621,
      53.22391
     ],
     [
      -1.64576,
      53.2239
     ],
     [
      -1.64555,
      53.22389
     ],
     [
      -1.64524,
      53.22385
     ],
     [
      -1.64486,
      53.22379
     ],
     [
      -1.64444,
      53.22372
     ],
     [
      -1.64409,
      53.22366
     ],
     [
      -1.64376,
      53.22363
     ],
     [
      -1.6435,
      53.2236
     ],
     [
      -1.64321,
      53.22359
     ],
     [
      -1.64286,
      53.22358
     ],
     [
      -1.64233,
      53.22357
     ],
     [
      -1.64198,
      53.22356
     ],
     [
      -1.64144,
      53.22356
     ],
     [
      -1.64073,
      53.22357
     ],
     [
      -1.64027,
      53.22359
     ],
     [
      -1.64,
      53.2236
     ],
     [
      -1.63974,
      53.22359
     ],
     [
      -1.63938,
      53.22357
     ],
     [
      -1.63907,
      53.22356
     ],
     [
      -1.6386,
      53.22357
     ],
     [
      -1.63817,
      53.2236
     ],
     [
      -1.63773,
      53.22363
     ],
     [
      -1.63746,
      53.22367
     ],
     [
      -1.63718,
      53.22367
     ],
     [
      -1.63671,
      53.2237
     ],
     [
      -1.63636,
      53.22373
     ],
     [
      -1.63584,
      53.22376
     ],
     [
      -1.63535,
      53.22379
     ],
     [
      -1.63488,
      53.2238
     ],
     [
      -1.63457,
      53.22379
     ],
     [
      -1.63396,
      53.22378
     ],
     [
      -1.63353,
      53.22378
     ],
     [
      -1.63321,
      53.22381
     ],
     [
      -1.6327,
      53.22384
     ],
     [
      -1.63237,
      53.22388
     ],
     [
      -1.63196,
      53.22398
     ],
     [
      -1.6314,
      53.22421
     ],
     [
      -1.631,
      53.22439
     ],
     [
      -1.6306,
      53.22454
     ],
     [
      -1.63025,
      53.22464
     ],
     [
      -1.62978,
      53.22476
     ],
     [
      -1.62931,
      53.22487
     ],
     [
      -1.62874,
      53.22501
     ],
     [
      -1.62793,
      53.22523
     ],
     [
      -1.62735,
      53.22541
     ],
     [
      -1.62706,
      53.22554
     ],
     [
      -1.62681,
      53.22568
     ],
     [
      -1.62661,
      53.22573
     ],
     [
      -1.62618,
      53.22581
     ],
     [
      -1.62599,
      53.2259
     ],
     [
      -1.62535,
      53.22626
     ],
     [
      -1.62502,
      53.22654
     ]
    ],
    "type": "LineString"
   },
   "properties": {
    "council": "Derbyshire County Council",
    "current": "Claimed BOAT 13",
    "details": {
     "stage": "Awaiting action"
    },
    "kind": "dmmo-application",
    "parish": "Edensor",
    "ref": "03334",
    "seeks": "Adds a Byway Open to All Traffic along non classified highway",
    "source": "derbyshire-applications",
    "state": "open",
    "ways": []
   },
   "type": "Feature"
  },
  {
   "geometry": {
    "coordinates": [
     [
      [
       -1.4175,
       53.3155
      ],
      [
       -1.41743,
       53.31556
      ],
      [
       -1.41738,
       53.31561
      ],
      [
       -1.41734,
       53.31566
      ],
      [
       -1.4173,
       53.31571
      ],
      [
       -1.41727,
       53.31575
      ],
      [
       -1.41722,
       53.31579
      ],
      [
       -1.41712,
       53.3159
      ],
      [
       -1.41687,
       53.31617
      ],
      [
       -1.41684,
       53.3162
      ],
      [
       -1.41679,
       53.31622
      ],
      [
       -1.41668,
       53.31626
      ],
      [
       -1.41662,
       53.31629
      ],
      [
       -1.41657,
       53.31634
      ],
      [
       -1.41654,
       53.31636
      ],
      [
       -1.4165,
       53.31639
      ],
      [
       -1.41643,
       53.31645
      ],
      [
       -1.41635,
       53.3165
      ],
      [
       -1.41627,
       53.31656
      ],
      [
       -1.41614,
       53.31668
      ],
      [
       -1.41608,
       53.31675
      ],
      [
       -1.41601,
       53.31681
      ],
      [
       -1.41595,
       53.31689
      ],
      [
       -1.41592,
       53.31692
      ],
      [
       -1.41587,
       53.31698
      ],
      [
       -1.41578,
       53.31705
      ],
      [
       -1.41565,
       53.31719
      ],
      [
       -1.41556,
       53.31727
      ],
      [
       -1.41549,
       53.31735
      ],
      [
       -1.41543,
       53.31744
      ],
      [
       -1.4154,
       53.31749
      ],
      [
       -1.41535,
       53.31757
      ],
      [
       -1.41528,
       53.3177
      ],
      [
       -1.41526,
       53.31775
      ],
      [
       -1.41526,
       53.31779
      ],
      [
       -1.41525,
       53.31782
      ],
      [
       -1.41523,
       53.31786
      ],
      [
       -1.41519,
       53.31792
      ],
      [
       -1.41512,
       53.31804
      ],
      [
       -1.41509,
       53.31811
      ],
      [
       -1.41507,
       53.31817
      ],
      [
       -1.41505,
       53.31819
      ],
      [
       -1.41504,
       53.3182
      ],
      [
       -1.41501,
       53.31821
      ],
      [
       -1.41498,
       53.31822
      ],
      [
       -1.41495,
       53.31822
      ],
      [
       -1.41483,
       53.31821
      ],
      [
       -1.41469,
       53.31822
      ],
      [
       -1.41463,
       53.31822
      ],
      [
       -1.41451,
       53.31821
      ],
      [
       -1.41447,
       53.31821
      ],
      [
       -1.41442,
       53.31822
      ],
      [
       -1.41437,
       53.31822
      ],
      [
       -1.41432,
       53.31823
      ],
      [
       -1.4143,
       53.31824
      ],
      [
       -1.41427,
       53.31826
      ],
      [
       -1.41424,
       53.31827
      ],
      [
       -1.41421,
       53.31829
      ],
      [
       -1.4142,
       53.31831
      ],
      [
       -1.41419,
       53.31832
      ],
      [
       -1.41417,
       53.31834
      ],
      [
       -1.41414,
       53.31843
      ],
      [
       -1.41411,
       53.3185
      ],
      [
       -1.41402,
       53.31865
      ],
      [
       -1.414,
       53.3187
      ],
      [
       -1.414,
       53.31875
      ],
      [
       -1.41401,
       53.31878
      ],
      [
       -1.41402,
       53.31881
      ],
      [
       -1.41407,
       53.31889
      ],
      [
       -1.41409,
       53.31892
      ],
      [
       -1.41409,
       53.31896
      ],
      [
       -1.41409,
       53.319
      ],
      [
       -1.41409,
       53.31903
      ],
      [
       -1.41407,
       53.31907
      ],
      [
       -1.41404,
       53.31909
      ],
      [
       -1.41401,
       53.31911
      ],
      [
       -1.41396,
       53.31912
      ],
      [
       -1.41386,
       53.31913
      ]
     ],
     [
      [
       -1.41994,
       53.31248
      ],
      [
       -1.41989,
       53.31251
      ],
      [
       -1.41986,
       53.31255
      ],
      [
       -1.41985,
       53.31258
      ],
      [
       -1.41982,
       53.31264
      ],
      [
       -1.41981,
       53.31271
      ],
      [
       -1.41972,
       53.313
      ],
      [
       -1.4197,
       53.31305
      ],
      [
       -1.41969,
       53.31307
      ],
      [
       -1.41967,
       53.31309
      ],
      [
       -1.41965,
       53.31311
      ],
      [
       -1.41962,
       53.31313
      ],
      [
       -1.41959,
       53.31314
      ],
      [
       -1.41957,
       53.31316
      ],
      [
       -1.41952,
       53.31317
      ]
     ],
     [
      [
       -1.41952,
       53.31317
      ],
      [
       -1.41947,
       53.31318
      ],
      [
       -1.41943,
       53.3132
      ],
      [
       -1.41938,
       53.31321
      ],
      [
       -1.41933,
       53.31323
      ],
      [
       -1.4193,
       53.31325
      ],
      [
       -1.41927,
       53.31328
      ],
      [
       -1.41919,
       53.31336
      ],
      [
       -1.4191,
       53.31346
      ],
      [
       -1.41904,
       53.31357
      ],
      [
       -1.41887,
       53.31383
      ],
      [
       -1.41859,
       53.31422
      ],
      [
       -1.41827,
       53.31468
      ],
      [
       -1.4182,
       53.31467
      ],
      [
       -1.41812,
       53.31466
      ],
      [
       -1.41809,
       53.31467
      ],
      [
       -1.41806,
       53.31467
      ],
      [
       -1.41802,
       53.31468
      ],
      [
       -1.418,
       53.3147
      ],
      [
       -1.41799,
       53.31472
      ],
      [
       -1.41794,
       53.3148
      ],
      [
       -1.41792,
       53.31483
      ],
      [
       -1.41789,
       53.3149
      ],
      [
       -1.41789,
       53.31492
      ],
      [
       -1.41788,
       53.31495
      ],
      [
       -1.41787,
       53.31498
      ],
      [
       -1.41786,
       53.315
      ],
      [
       -1.41773,
       53.31521
      ],
      [
       -1.41763,
       53.31536
      ],
      [
       -1.41756,
       53.31544
      ],
      [
       -1.4175,
       53.3155
      ]
     ],
     [
      [
       -1.43641,
       53.31668
      ],
      [
       -1.4357,
       53.31665
      ],
      [
       -1.43532,
       53.31664
      ],
      [
       -1.43504,
       53.31662
      ],
      [
       -1.43445,
       53.31662
      ],
      [
       -1.43415,
       53.31664
      ],
      [
       -1.43375,
       53.31661
      ],
      [
       -1.43292,
       53.31661
      ],
      [
       -1.43271,
       53.31661
      ]
     ],
     [
      [
       -1.43271,
       53.31661
      ],
      [
       -1.4322,
       53.31666
      ],
      [
       -1.43142,
       53.31672
      ],
      [
       -1.43101,
       53.31676
      ]
     ],
     [
      [
       -1.43101,
       53.31676
      ],
      [
       -1.43087,
       53.31676
      ],
      [
       -1.43068,
       53.31682
      ],
      [
       -1.43059,
       53.31692
      ],
      [
       -1.43048,
       53.31699
      ],
      [
       -1.43033,
       53.31708
      ],
      [
       -1.42989,
       53.31717
      ],
      [
       -1.42961,
       53.31723
      ],
      [
       -1.42945,
       53.31728
      ],
      [
       -1.42933,
       53.31735
      ],
      [
       -1.42905,
       53.31752
      ],
      [
       -1.42888,
       53.31761
      ],
      [
       -1.42875,
       53.31766
      ],
      [
       -1.42793,
       53.31776
      ],
      [
       -1.42774,
       53.3178
      ],
      [
       -1.42757,
       53.31793
      ],
      [
       -1.42721,
       53.31813
      ],
      [
       -1.42687,
       53.31831
      ],
      [
       -1.42648,
       53.31848
      ],
      [
       -1.42593,
       53.31866
      ],
      [
       -1.42536,
       53.31882
      ],
      [
       -1.42506,
       53.31886
      ],
      [
       -1.42482,
       53.31894
      ],
      [
       -1.42466,
       53.31904
      ],
      [
       -1.42438,
       53.31926
      ],
      [
       -1.42418,
       53.31943
      ],
      [
       -1.42378,
       53.31965
      ],
      [
       -1.42376,
       53.31968
      ]
     ],
     [
      [
       -1.42376,
       53.31968
      ],
      [
       -1.42372,
       53.31972
      ],
      [
       -1.42351,
       53.31987
      ],
      [
       -1.42304,
       53.32012
      ],
      [
       -1.42296,
       53.32019
      ],
      [
       -1.42296,
       53.32046
      ],
      [
       -1.423,
       53.3211
      ],
      [
       -1.42307,
       53.32164
      ],
      [
       -1.42307,
       53.32174
      ]
     ],
     [
      [
       -1.42307,
       53.32174
      ],
      [
       -1.42295,
       53.32179
      ],
      [
       -1.42271,
       53.32187
      ],
      [
       -1.42256,
       53.32193
      ],
      [
       -1.42237,
       53.32208
      ],
      [
       -1.42209,
       53.32228
      ],
      [
       -1.42192,
       53.32244
      ],
      [
       -1.4219,
       53.3225
      ],
      [
       -1.42189,
       53.32254
      ],
      [
       -1.42188,
       53.32257
      ]
     ],
     [
      [
       -1.42188,
       53.32257
      ],
      [
       -1.42159,
       53.32243
      ],
      [
       -1.4213,
       53.32234
      ],
      [
       -1.42107,
       53.32227
      ],
      [
       -1.42086,
       53.32218
      ],
      [
       -1.42074,
       53.32211
      ],
      [
       -1.42059,
       53.32195
      ],
      [
       -1.42049,
       53.32184
      ],
      [
       -1.42031,
       53.32155
      ],
      [
       -1.42023,
       53.32149
      ],
      [
       -1.42009,
       53.32146
      ],
      [
       -1.41991,
       53.32147
      ],
      [
       -1.41967,
       53.3215
      ],
      [
       -1.41934,
       53.32155
      ],
      [
       -1.41923,
       53.32155
      ],
      [
       -1.41909,
       53.32151
      ],
      [
       -1.41879,
       53.32141
      ],
      [
       -1.41833,
       53.32123
      ],
      [
       -1.41802,
       53.32111
      ],
      [
       -1.41724,
       53.32082
      ],
      [
       -1.41646,
       53.32054
      ],
      [
       -1.41603,
       53.32037
      ],
      [
       -1.41544,
       53.32016
      ],
      [
       -1.41486,
       53.32
      ],
      [
       -1.41464,
       53.31988
      ],
      [
       -1.41447,
       53.31973
      ],
      [
       -1.41406,
       53.3193
      ],
      [
       -1.41395,
       53.31919
      ],
      [
       -1.41389,
       53.31915
      ],
      [
       -1.41386,
       53.31913
      ]
     ],
     [
      [
       -1.41386,
       53.31913
      ],
      [
       -1.41381,
       53.31914
      ],
      [
       -1.41353,
       53.31916
      ],
      [
       -1.41344,
       53.31917
      ],
      [
       -1.41326,
       53.31922
      ],
      [
       -1.413,
       53.31929
      ],
      [
       -1.41274,
       53.31934
      ],
      [
       -1.41245,
       53.3194
      ],
      [
       -1.41232,
       53.31944
      ],
      [
       -1.4122,
       53.31953
      ]
     ],
     [
      [
       -1.44048,
       53.31542
      ],
      [
       -1.43996,
       53.31557
      ],
      [
       -1.43959,
       53.31566
      ],
      [
       -1.43948,
       53.3157
      ],
      [
       -1.43931,
       53.31579
      ],
      [
       -1.43903,
       53.31594
      ],
      [
       -1.4389,
       53.31602
      ],
      [
       -1.43865,
       53.31611
      ],
      [
       -1.43854,
       53.31614
      ],
      [
       -1.4384,
       53.31618
      ],
      [
       -1.43816,
       53.31628
      ],
      [
       -1.43795,
       53.31638
      ],
      [
       -1.43782,
       53.31642
      ],
      [
       -1.43753,
       53.3165
      ],
      [
       -1.43728,
       53.31655
      ],
      [
       -1.43689,
       53.31665
      ],
      [
       -1.43671,
       53.31668
      ],
      [
       -1.43655,
       53.31669
      ],
      [
       -1.43641,
       53.31668
      ]
     ],
     [
      [
       -1.44306,
       53.31347
      ],
      [
       -1.44302,
       53.31361
      ],
      [
       -1.44297,
       53.3137
      ],
      [
       -1.44286,
       53.31385
      ],
      [
       -1.44276,
       53.31404
      ],
      [
       -1.44251,
       53.31463
      ],
      [
       -1.44246,
       53.31469
      ],
      [
       -1.4424,
       53.31474
      ],
      [
       -1.4423,
       53.31478
      ],
      [
       -1.44206,
       53.31485
      ],
      [
       -1.44172,
       53.31497
      ],
      [
       -1.44122,
       53.31515
      ],
      [
       -1.44048,
       53.31542
      ]
     ],
     [
      [
       -1.41335,
       53.33708
      ],
      [
       -1.41333,
       53.33694
      ],
      [
       -1.41334,
       53.33679
      ],
      [
       -1.41346,
       53.33647
      ],
      [
       -1.41359,
       53.3361
      ],
      [
       -1.41361,
       53.33597
      ],
      [
       -1.41363,
       53.33577
      ]
     ],
     [
      [
       -1.41363,
       53.33577
      ],
      [
       -1.41364,
       53.33562
      ],
      [
       -1.41367,
       53.33517
      ],
      [
       -1.41369,
       53.33494
      ],
      [
       -1.41369,
       53.33487
      ],
      [
       -1.41364,
       53.33481
      ],
      [
       -1.41364,
       53.3347
      ],
      [
       -1.41367,
       53.33441
      ],
      [
       -1.41374,
       53.33399
      ],
      [
       -1.41374,
       53.33392
      ],
      [
       -1.41369,
       53.33386
      ],
      [
       -1.4133,
       53.33347
      ],
      [
       -1.41312,
       53.33321
      ],
      [
       -1.413,
       53.33302
      ],
      [
       -1.41289,
       53.33285
      ],
      [
       -1.41285,
       53.33267
      ],
      [
       -1.41285,
       53.33254
      ]
     ],
     [
      [
       -1.41285,
       53.33254
      ],
      [
       -1.41284,
       53.33233
      ],
      [
       -1.41291,
       53.33224
      ]
     ],
     [
      [
       -1.41291,
       53.33224
      ],
      [
       -1.41299,
       53.3322
      ],
      [
       -1.41314,
       53.3322
      ],
      [
       -1.41387,
       53.33226
      ],
      [
       -1.41409,
       53.33152
      ]
     ],
     [
      [
       -1.41409,
       53.33152
      ],
      [
       -1.41408,
       53.33144
      ],
      [
       -1.41413,
       53.33075
      ],
      [
       -1.41405,
       53.33004
      ],
      [
       -1.414,
       53.3297
      ],
      [
       -1.41394,
       53.3292
      ],
      [
       -1.41388,
       53.32882
      ],
      [
       -1.41377,
       53.32816
      ],
      [
       -1.41363,
       53.32748
      ],
      [
       -1.41343,
       53.32673
      ],
      [
       -1.41332,
       53.32638
      ],
      [
       -1.41321,
       53.32614
      ]
     ],
     [
      [
       -1.41321,
       53.32614
      ],
      [
       -1.41298,
       53.3257
      ],
      [
       -1.41271,
       53.32528
      ],
      [
       -1.41267,
       53.32512
      ],
      [
       -1.41267,
       53.32491
      ],
      [
       -1.41264,
       53.32428
      ],
      [
       -1.41262,
       53.32413
      ],
      [
       -1.41249,
       53.32378
      ],
      [
       -1.41228,
       53.32313
      ],
      [
       -1.41217,
       53.32284
      ],
      [
       -1.41186,
       53.32221
      ],
      [
       -1.41176,
       53.32207
      ]
     ],
     [
      [
       -1.41176,
       53.32207
      ],
      [
       -1.41219,
       53.32199
      ],
      [
       -1.4123,
       53.32196
      ],
      [
       -1.41237,
       53.32191
      ]
     ],
     [
      [
       -1.41237,
       53.32191
      ],
      [
       -1.41246,
       53.32168
      ],
      [
       -1.41253,
       53.32144
      ],
      [
       -1.41252,
       53.3212
      ],
      [
       -1.41241,
       53.32076
      ],
      [
       -1.41226,
       53.32017
      ],
      [
       -1.41226,
       53.31999
      ],
      [
       -1.41225,
       53.31983
      ],
      [
       -1.41226,
       53.31969
      ],
      [
       -1.41224,
       53.3196
      ],
      [
       -1.4122,
       53.31953
      ]
     ],
     [
      [
       -1.41456,
       53.33824
      ],
      [
       -1.41392,
       53.33786
      ],
      [
       -1.41383,
       53.33781
      ],
      [
       -1.41374,
       53.33772
      ],
      [
       -1.41361,
       53.33757
      ],
      [
       -1.41349,
       53.33738
      ],
      [
       -1.41339,
       53.3372
      ],
      [
       -1.41335,
       53.33708
      ]
     ]
    ],
    "type": "MultiLineString"
   },
   "properties": {
    "council": "Derbyshire County Council",
    "current": "Bridleway 13",
    "details": {
     "stage": "Awaiting action"
    },
    "kind": "dmmo-application",
    "parish": "Eckington",
    "ref": "03335",
    "seeks": "Upgrades Public Bridleway to a Byway Open to All Traffic",
    "source": "derbyshire-applications",
    "state": "open",
    "ways": []
   },
   "type": "Feature"
  },
  {
   "geometry": {
    "coordinates": [
     [
      [
       -1.44348,
       53.3124
      ],
      [
       -1.44338,
       53.31265
      ],
      [
       -1.44317,
       53.31313
      ],
      [
       -1.4431,
       53.31333
      ],
      [
       -1.44306,
       53.31347
      ]
     ],
     [
      [
       -1.43641,
       53.31668
      ],
      [
       -1.4357,
       53.31665
      ],
      [
       -1.43532,
       53.31664
      ],
      [
       -1.43504,
       53.31662
      ],
      [
       -1.43445,
       53.31662
      ],
      [
       -1.43415,
       53.31664
      ],
      [
       -1.43375,
       53.31661
      ],
      [
       -1.43292,
       53.31661
      ],
      [
       -1.43271,
       53.31661
      ]
     ],
     [
      [
       -1.43271,
       53.31661
      ],
      [
       -1.4322,
       53.31666
      ],
      [
       -1.43142,
       53.31672
      ],
      [
       -1.43101,
       53.31676
      ]
     ],
     [
      [
       -1.43101,
       53.31676
      ],
      [
       -1.43087,
       53.31676
      ],
      [
       -1.43068,
       53.31682
      ],
      [
       -1.43059,
       53.31692
      ],
      [
       -1.43048,
       53.31699
      ],
      [
       -1.43033,
       53.31708
      ],
      [
       -1.42989,
       53.31717
      ],
      [
       -1.42961,
       53.31723
      ],
      [
       -1.42945,
       53.31728
      ],
      [
       -1.42933,
       53.31735
      ],
      [
       -1.42905,
       53.31752
      ],
      [
       -1.42888,
       53.31761
      ],
      [
       -1.42875,
       53.31766
      ],
      [
       -1.42793,
       53.31776
      ],
      [
       -1.42774,
       53.3178
      ],
      [
       -1.42757,
       53.31793
      ],
      [
       -1.42721,
       53.31813
      ],
      [
       -1.42687,
       53.31831
      ],
      [
       -1.42648,
       53.31848
      ],
      [
       -1.42593,
       53.31866
      ],
      [
       -1.42536,
       53.31882
      ],
      [
       -1.42506,
       53.31886
      ],
      [
       -1.42482,
       53.31894
      ],
      [
       -1.42466,
       53.31904
      ],
      [
       -1.42438,
       53.31926
      ],
      [
       -1.42418,
       53.31943
      ],
      [
       -1.42378,
       53.31965
      ],
      [
       -1.42376,
       53.31968
      ]
     ],
     [
      [
       -1.42376,
       53.31968
      ],
      [
       -1.42372,
       53.31972
      ],
      [
       -1.42351,
       53.31987
      ],
      [
       -1.42304,
       53.32012
      ],
      [
       -1.42296,
       53.32019
      ],
      [
       -1.42296,
       53.32046
      ],
      [
       -1.423,
       53.3211
      ],
      [
       -1.42307,
       53.32164
      ],
      [
       -1.42307,
       53.32174
      ]
     ],
     [
      [
       -1.42307,
       53.32174
      ],
      [
       -1.42295,
       53.32179
      ],
      [
       -1.42271,
       53.32187
      ],
      [
       -1.42256,
       53.32193
      ],
      [
       -1.42237,
       53.32208
      ],
      [
       -1.42209,
       53.32228
      ],
      [
       -1.42192,
       53.32244
      ],
      [
       -1.4219,
       53.3225
      ],
      [
       -1.42189,
       53.32254
      ],
      [
       -1.42188,
       53.32257
      ]
     ],
     [
      [
       -1.42188,
       53.32257
      ],
      [
       -1.42159,
       53.32243
      ],
      [
       -1.4213,
       53.32234
      ],
      [
       -1.42107,
       53.32227
      ],
      [
       -1.42086,
       53.32218
      ],
      [
       -1.42074,
       53.32211
      ],
      [
       -1.42059,
       53.32195
      ],
      [
       -1.42049,
       53.32184
      ],
      [
       -1.42031,
       53.32155
      ],
      [
       -1.42023,
       53.32149
      ],
      [
       -1.42009,
       53.32146
      ],
      [
       -1.41991,
       53.32147
      ],
      [
       -1.41967,
       53.3215
      ],
      [
       -1.41934,
       53.32155
      ],
      [
       -1.41923,
       53.32155
      ],
      [
       -1.41909,
       53.32151
      ],
      [
       -1.41879,
       53.32141
      ],
      [
       -1.41833,
       53.32123
      ],
      [
       -1.41802,
       53.32111
      ],
      [
       -1.41724,
       53.32082
      ],
      [
       -1.41646,
       53.32054
      ],
      [
       -1.41603,
       53.32037
      ],
      [
       -1.41544,
       53.32016
      ],
      [
       -1.41486,
       53.32
      ],
      [
       -1.41464,
       53.31988
      ],
      [
       -1.41447,
       53.31973
      ],
      [
       -1.41406,
       53.3193
      ],
      [
       -1.41395,
       53.31919
      ],
      [
       -1.41389,
       53.31915
      ],
      [
       -1.41386,
       53.31913
      ]
     ],
     [
      [
       -1.41386,
       53.31913
      ],
      [
       -1.41381,
       53.31914
      ],
      [
       -1.41353,
       53.31916
      ],
      [
       -1.41344,
       53.31917
      ],
      [
       -1.41326,
       53.31922
      ],
      [
       -1.413,
       53.31929
      ],
      [
       -1.41274,
       53.31934
      ],
      [
       -1.41245,
       53.3194
      ],
      [
       -1.41232,
       53.31944
      ],
      [
       -1.4122,
       53.31953
      ]
     ],
     [
      [
       -1.44048,
       53.31542
      ],
      [
       -1.43996,
       53.31557
      ],
      [
       -1.43959,
       53.31566
      ],
      [
       -1.43948,
       53.3157
      ],
      [
       -1.43931,
       53.31579
      ],
      [
       -1.43903,
       53.31594
      ],
      [
       -1.4389,
       53.31602
      ],
      [
       -1.43865,
       53.31611
      ],
      [
       -1.43854,
       53.31614
      ],
      [
       -1.4384,
       53.31618
      ],
      [
       -1.43816,
       53.31628
      ],
      [
       -1.43795,
       53.31638
      ],
      [
       -1.43782,
       53.31642
      ],
      [
       -1.43753,
       53.3165
      ],
      [
       -1.43728,
       53.31655
      ],
      [
       -1.43689,
       53.31665
      ],
      [
       -1.43671,
       53.31668
      ],
      [
       -1.43655,
       53.31669
      ],
      [
       -1.43641,
       53.31668
      ]
     ],
     [
      [
       -1.44306,
       53.31347
      ],
      [
       -1.44302,
       53.31361
      ],
      [
       -1.44297,
       53.3137
      ],
      [
       -1.44286,
       53.31385
      ],
      [
       -1.44276,
       53.31404
      ],
      [
       -1.44251,
       53.31463
      ],
      [
       -1.44246,
       53.31469
      ],
      [
       -1.4424,
       53.31474
      ],
      [
       -1.4423,
       53.31478
      ],
      [
       -1.44206,
       53.31485
      ],
      [
       -1.44172,
       53.31497
      ],
      [
       -1.44122,
       53.31515
      ],
      [
       -1.44048,
       53.31542
      ]
     ],
     [
      [
       -1.40063,
       53.31868
      ],
      [
       -1.40078,
       53.31874
      ],
      [
       -1.40095,
       53.31878
      ],
      [
       -1.40116,
       53.31879
      ],
      [
       -1.40145,
       53.31879
      ],
      [
       -1.40165,
       53.31876
      ],
      [
       -1.40196,
       53.31869
      ],
      [
       -1.40209,
       53.31867
      ],
      [
       -1.40235,
       53.31868
      ],
      [
       -1.40275,
       53.31871
      ]
     ],
     [
      [
       -1.40275,
       53.31871
      ],
      [
       -1.40282,
       53.31878
      ],
      [
       -1.40301,
       53.31897
      ],
      [
       -1.4031,
       53.31903
      ],
      [
       -1.40312,
       53.31905
      ]
     ],
     [
      [
       -1.40312,
       53.31905
      ],
      [
       -1.40318,
       53.31906
      ],
      [
       -1.40335,
       53.31906
      ],
      [
       -1.40386,
       53.31906
      ],
      [
       -1.40425,
       53.31909
      ],
      [
       -1.40454,
       53.3191
      ],
      [
       -1.40475,
       53.31909
      ],
      [
       -1.40509,
       53.31906
      ],
      [
       -1.40541,
       53.31905
      ],
      [
       -1.40616,
       53.31905
      ],
      [
       -1.40645,
       53.31907
      ],
      [
       -1.40675,
       53.31909
      ],
      [
       -1.40743,
       53.31915
      ],
      [
       -1.40781,
       53.31917
      ],
      [
       -1.40836,
       53.31913
      ],
      [
       -1.40945,
       53.31908
      ],
      [
       -1.4101,
       53.31905
      ],
      [
       -1.41045,
       53.31904
      ],
      [
       -1.41062,
       53.31904
      ],
      [
       -1.41082,
       53.31909
      ],
      [
       -1.41123,
       53.31921
      ],
      [
       -1.41209,
       53.31949
      ]
     ]
    ],
    "type": "MultiLineString"
   },
   "properties": {
    "council": "Derbyshire County Council",
    "current": "Bridleway 40",
    "details": {
     "stage": "Awaiting action"
    },
    "kind": "dmmo-application",
    "parish": "Dronfield",
    "ref": "03336",
    "seeks": "Upgrades Public Bridleway to a Byway Open to All Traffic",
    "source": "derbyshire-applications",
    "state": "open",
    "ways": []
   },
   "type": "Feature"
  },
  {
   "geometry": {
    "coordinates": [
     [
      [
       -1.44335,
       53.31238
      ],
      [
       -1.44232,
       53.31296
      ]
     ],
     [
      [
       -1.43166,
       53.31304
      ],
      [
       -1.43168,
       53.31321
      ],
      [
       -1.43171,
       53.31328
      ],
      [
       -1.43176,
       53.31339
      ],
      [
       -1.43184,
       53.31348
      ],
      [
       -1.432,
       53.31361
      ]
     ],
     [
      [
       -1.43062,
       53.31039
      ],
      [
       -1.43082,
       53.31087
      ],
      [
       -1.43088,
       53.31102
      ],
      [
       -1.43091,
       53.31117
      ],
      [
       -1.43106,
       53.31148
      ],
      [
       -1.43116,
       53.31166
      ],
      [
       -1.43123,
       53.31181
      ],
      [
       -1.43131,
       53.31192
      ],
      [
       -1.43145,
       53.31205
      ],
      [
       -1.43152,
       53.31212
      ],
      [
       -1.43159,
       53.31227
      ],
      [
       -1.43167,
       53.31248
      ],
      [
       -1.43169,
       53.31255
      ],
      [
       -1.43169,
       53.31272
      ],
      [
       -1.43168,
       53.31286
      ],
      [
       -1.43166,
       53.31295
      ],
      [
       -1.43166,
       53.31304
      ]
     ],
     [
      [
       -1.432,
       53.31361
      ],
      [
       -1.4321,
       53.31363
      ],
      [
       -1.43243,
       53.31365
      ],
      [
       -1.43268,
       53.31367
      ],
      [
       -1.43335,
       53.31371
      ],
      [
       -1.43352,
       53.31373
      ],
      [
       -1.43406,
       53.31379
      ],
      [
       -1.43442,
       53.31381
      ],
      [
       -1.43457,
       53.31381
      ],
      [
       -1.43496,
       53.31382
      ],
      [
       -1.43546,
       53.31381
      ],
      [
       -1.43563,
       53.31381
      ],
      [
       -1.43579,
       53.31381
      ],
      [
       -1.43599,
       53.31384
      ],
      [
       -1.43645,
       53.31392
      ],
      [
       -1.43715,
       53.31405
      ],
      [
       -1.43754,
       53.31411
      ],
      [
       -1.43783,
       53.31412
      ],
      [
       -1.43853,
       53.31414
      ],
      [
       -1.43885,
       53.31414
      ],
      [
       -1.43912,
       53.31412
      ],
      [
       -1.43946,
       53.31407
      ],
      [
       -1.44006,
       53.31397
      ],
      [
       -1.44071,
       53.31385
      ],
      [
       -1.44082,
       53.3138
      ],
      [
       -1.44095,
       53.31372
      ],
      [
       -1.44141,
       53.31347
      ],
      [
       -1.44204,
       53.31312
      ],
      [
       -1.44232,
       53.31296
      ]
     ]
    ],
    "type": "MultiLineString"
   },
   "properties": {
    "council": "Derbyshire County Council",
    "current": "Bridleway 39",
    "details": {
     "stage": "Awaiting action"
    },
    "kind": "dmmo-application",
    "parish": "Dronfield",
    "ref": "03337",
    "seeks": "Upgrades Public Bridleway to a Byway Open to All Traffic",
    "source": "derbyshire-applications",
    "state": "open",
    "ways": []
   },
   "type": "Feature"
  },
  {
   "geometry": {
    "coordinates": [
     [
      [
       -1.4226,
       53.324
      ],
      [
       -1.42263,
       53.32389
      ],
      [
       -1.42262,
       53.32377
      ],
      [
       -1.42258,
       53.32344
      ],
      [
       -1.42243,
       53.32306
      ],
      [
       -1.4224,
       53.32299
      ],
      [
       -1.42236,
       53.32292
      ],
      [
       -1.42224,
       53.32282
      ]
     ],
     [
      [
       -1.42224,
       53.32282
      ],
      [
       -1.42188,
       53.32257
      ]
     ],
     [
      [
       -1.42467,
       53.32481
      ],
      [
       -1.42437,
       53.32467
      ],
      [
       -1.42421,
       53.32459
      ],
      [
       -1.42411,
       53.32452
      ],
      [
       -1.42405,
       53.3245
      ],
      [
       -1.42394,
       53.32449
      ],
      [
       -1.42383,
       53.32449
      ],
      [
       -1.42356,
       53.3245
      ],
      [
       -1.42325,
       53.32448
      ],
      [
       -1.42283,
       53.32444
      ],
      [
       -1.42266,
       53.32437
      ],
      [
       -1.42261,
       53.32429
      ],
      [
       -1.4226,
       53.324
      ]
     ],
     [
      [
       -1.44208,
       53.33736
      ],
      [
       -1.44194,
       53.33723
      ],
      [
       -1.44169,
       53.33679
      ],
      [
       -1.44145,
       53.3364
      ],
      [
       -1.4413,
       53.3363
      ],
      [
       -1.44112,
       53.33624
      ]
     ],
     [
      [
       -1.44112,
       53.33624
      ],
      [
       -1.44061,
       53.3362
      ],
      [
       -1.44011,
       53.33615
      ],
      [
       -1.43964,
       53.33612
      ],
      [
       -1.43914,
       53.33611
      ],
      [
       -1.43885,
       53.33609
      ],
      [
       -1.43852,
       53.33604
      ],
      [
       -1.43831,
       53.33595
      ],
      [
       -1.43811,
       53.33579
      ],
      [
       -1.43786,
       53.33545
      ],
      [
       -1.43764,
       53.3351
      ],
      [
       -1.43759,
       53.33499
      ]
     ],
     [
      [
       -1.43759,
       53.33499
      ],
      [
       -1.43737,
       53.33451
      ],
      [
       -1.4373,
       53.33432
      ],
      [
       -1.43727,
       53.3341
      ],
      [
       -1.43724,
       53.33371
      ],
      [
       -1.43716,
       53.33357
      ],
      [
       -1.43701,
       53.33349
      ],
      [
       -1.43659,
       53.33335
      ],
      [
       -1.43625,
       53.33332
      ],
      [
       -1.43562,
       53.33332
      ],
      [
       -1.43522,
       53.3333
      ],
      [
       -1.43494,
       53.33326
      ]
     ],
     [
      [
       -1.43494,
       53.33326
      ],
      [
       -1.43469,
       53.33319
      ],
      [
       -1.43444,
       53.33311
      ],
      [
       -1.43443,
       53.33298
      ],
      [
       -1.43446,
       53.33266
      ],
      [
       -1.4345,
       53.33226
      ],
      [
       -1.43445,
       53.33196
      ],
      [
       -1.43421,
       53.33147
      ],
      [
       -1.43397,
       53.3312
      ],
      [
       -1.43389,
       53.33108
      ],
      [
       -1.4338,
       53.33042
      ],
      [
       -1.43373,
       53.32983
      ],
      [
       -1.43367,
       53.32943
      ],
      [
       -1.43369,
       53.32905
      ],
      [
       -1.43373,
       53.32857
      ],
      [
       -1.43372,
       53.32849
      ],
      [
       -1.43358,
       53.32836
      ],
      [
       -1.43341,
       53.32828
      ],
      [
       -1.43321,
       53.3282
      ]
     ],
     [
      [
       -1.43321,
       53.3282
      ],
      [
       -1.4327,
       53.32798
      ],
      [
       -1.43215,
       53.32778
      ],
      [
       -1.4318,
       53.32767
      ],
      [
       -1.43121,
       53.32746
      ],
      [
       -1.43069,
       53.32726
      ],
      [
       -1.42992,
       53.32701
      ],
      [
       -1.42951,
       53.32686
      ],
      [
       -1.42902,
       53.32665
      ],
      [
       -1.42889,
       53.32655
      ],
      [
       -1.42856,
       53.32634
      ],
      [
       -1.42846,
       53.32618
      ],
      [
       -1.42853,
       53.32611
      ],
      [
       -1.42875,
       53.32603
      ],
      [
       -1.42892,
       53.3259
      ],
      [
       -1.42902,
       53.32577
      ],
      [
       -1.42906,
       53.32565
      ],
      [
       -1.42905,
       53.32545
      ],
      [
       -1.429,
       53.32529
      ],
      [
       -1.4289,
       53.32509
      ],
      [
       -1.42885,
       53.32492
      ],
      [
       -1.42879,
       53.32472
      ],
      [
       -1.4287,
       53.32465
      ],
      [
       -1.42851,
       53.32458
      ],
      [
       -1.42836,
       53.32458
      ],
      [
       -1.42808,
       53.32457
      ],
      [
       -1.42783,
       53.32456
      ],
      [
       -1.42746,
       53.32453
      ],
      [
       -1.42705,
       53.32447
      ],
      [
       -1.42668,
       53.32443
      ],
      [
       -1.42628,
       53.32445
      ],
      [
       -1.42593,
       53.32447
      ],
      [
       -1.42519,
       53.32451
      ],
      [
       -1.425,
       53.32448
      ],
      [
       -1.4242,
       53.32431
      ],
      [
       -1.42382,
       53.32426
      ],
      [
       -1.42368,
       53.32419
      ],
      [
       -1.42335,
       53.32405
      ],
      [
       -1.423,
       53.32394
      ],
      [
       -1.42295,
       53.32372
      ],
      [
       -1.42264,
       53.32352
      ],
      [
       -1.42246,
       53.32308
      ],
      [
       -1.42239,
       53.32294
      ],
      [
       -1.42191,
       53.32258
      ]
     ]
    ],
    "type": "MultiLineString"
   },
   "properties": {
    "council": "Derbyshire County Council",
    "current": "Footpath 14",
    "details": {
     "stage": "Awaiting action"
    },
    "kind": "dmmo-application",
    "parish": "Eckington",
    "ref": "03338",
    "seeks": "Upgrades parts of Public Footpath to a Byway Open to All Traffic",
    "source": "derbyshire-applications",
    "state": "open",
    "ways": []
   },
   "type": "Feature"
  },
  {
   "geometry": {
    "coordinates": [
     [
      -1.39202,
      53.3226
     ],
     [
      -1.39206,
      53.32256
     ],
     [
      -1.39215,
      53.3225
     ],
     [
      -1.39237,
      53.32234
     ],
     [
      -1.39254,
      53.3222
     ],
     [
      -1.39276,
      53.3221
     ],
     [
      -1.39332,
      53.32195
     ],
     [
      -1.39373,
      53.32186
     ],
     [
      -1.39397,
      53.32184
     ],
     [
      -1.39443,
      53.32182
     ],
     [
      -1.3946,
      53.32185
     ],
     [
      -1.39498,
      53.32196
     ],
     [
      -1.39506,
      53.32198
     ],
     [
      -1.39574,
      53.32193
     ],
     [
      -1.39609,
      53.32192
     ],
     [
      -1.39652,
      53.3219
     ],
     [
      -1.39689,
      53.32189
     ],
     [
      -1.39724,
      53.32183
     ],
     [
      -1.39759,
      53.32179
     ],
     [
      -1.39798,
      53.32172
     ],
     [
      -1.39818,
      53.32171
     ],
     [
      -1.39837,
      53.32172
     ],
     [
      -1.39851,
      53.32174
     ],
     [
      -1.39876,
      53.3218
     ]
    ],
    "type": "LineString"
   },
   "properties": {
    "council": "Derbyshire County Council",
    "current": "Bridleway 69",
    "details": {
     "stage": "Awaiting action"
    },
    "kind": "dmmo-application",
    "parish": "Eckington",
    "ref": "03339",
    "seeks": "Upgrades Public Bridleway to a Byway Open to All Traffic",
    "source": "derbyshire-applications",
    "state": "open",
    "ways": []
   },
   "type": "Feature"
  },
  {
   "geometry": {
    "coordinates": [
     [
      [
       -1.4226,
       53.06396
      ],
      [
       -1.42263,
       53.06392
      ],
      [
       -1.42266,
       53.06388
      ],
      [
       -1.42268,
       53.06377
      ],
      [
       -1.42274,
       53.06358
      ],
      [
       -1.4228,
       53.06345
      ],
      [
       -1.42287,
       53.06334
      ],
      [
       -1.42291,
       53.0633
      ],
      [
       -1.42298,
       53.06326
      ],
      [
       -1.42326,
       53.06312
      ],
      [
       -1.42381,
       53.0629
      ],
      [
       -1.42435,
       53.06269
      ],
      [
       -1.42474,
       53.06253
      ],
      [
       -1.42491,
       53.06246
      ],
      [
       -1.42501,
       53.06241
      ],
      [
       -1.42507,
       53.06237
      ],
      [
       -1.42544,
       53.062
      ],
      [
       -1.42593,
       53.06152
      ],
      [
       -1.42614,
       53.06131
      ],
      [
       -1.42643,
       53.061
      ],
      [
       -1.42659,
       53.06076
      ],
      [
       -1.42675,
       53.06051
      ],
      [
       -1.42677,
       53.06036
      ]
     ],
     [
      [
       -1.42115,
       53.06614
      ],
      [
       -1.42116,
       53.06607
      ],
      [
       -1.42117,
       53.066
      ],
      [
       -1.42123,
       53.06583
      ],
      [
       -1.42129,
       53.06571
      ],
      [
       -1.42147,
       53.06547
      ],
      [
       -1.42149,
       53.06544
      ]
     ],
     [
      [
       -1.42149,
       53.06544
      ],
      [
       -1.42163,
       53.06526
      ],
      [
       -1.42182,
       53.06504
      ],
      [
       -1.42199,
       53.06479
      ],
      [
       -1.42205,
       53.06464
      ],
      [
       -1.42217,
       53.06446
      ],
      [
       -1.42233,
       53.06421
      ],
      [
       -1.42242,
       53.06409
      ],
      [
       -1.42249,
       53.06403
      ],
      [
       -1.4226,
       53.06396
      ]
     ],
     [
      [
       -1.4226,
       53.06396
      ],
      [
       -1.42329,
       53.06412
      ],
      [
       -1.42348,
       53.06417
      ],
      [
       -1.4235,
       53.06418
      ],
      [
       -1.42353,
       53.06419
      ],
      [
       -1.42356,
       53.06419
      ],
      [
       -1.42372,
       53.06421
      ],
      [
       -1.42382,
       53.06423
      ],
      [
       -1.42389,
       53.06423
      ],
      [
       -1.42398,
       53.06425
      ],
      [
       -1.42408,
       53.06426
      ],
      [
       -1.42432,
       53.06428
      ],
      [
       -1.42434,
       53.06429
      ],
      [
       -1.42435,
       53.06429
      ],
      [
       -1.42436,
       53.0643
      ],
      [
       -1.42437,
       53.0643
      ],
      [
       -1.42438,
       53.06431
      ],
      [
       -1.42439,
       53.06432
      ],
      [
       -1.4244,
       53.06434
      ]
     ]
    ],
    "type": "MultiLineString"
   },
   "properties": {
    "council": "Derbyshire County Council",
    "current": "Footpath 1",
    "details": {
     "stage": "Awaiting action"
    },
    "kind": "dmmo-application",
    "parish": "Pentrich",
    "ref": "03366",
    "seeks": "Upgrades part of Public Footpath to a Byway Open to All Traffic",
    "source": "derbyshire-applications",
    "state": "open",
    "ways": []
   },
   "type": "Feature"
  },
  {
   "geometry": {
    "coordinates": [
     [
      -1.94575,
      53.43641
     ],
     [
      -1.94539,
      53.43627
     ],
     [
      -1.94499,
      53.43611
     ],
     [
      -1.94455,
      53.43594
     ],
     [
      -1.9443,
      53.43587
     ],
     [
      -1.94373,
      53.43571
     ],
     [
      -1.94363,
      53.43569
     ],
     [
      -1.94326,
      53.43562
     ],
     [
      -1.94316,
      53.43559
     ],
     [
      -1.94289,
      53.4355
     ],
     [
      -1.94278,
      53.43546
     ],
     [
      -1.94271,
      53.43544
     ],
     [
      -1.94264,
      53.43542
     ],
     [
      -1.9426,
      53.43542
     ],
     [
      -1.94251,
      53.43541
     ],
     [
      -1.9424,
      53.43541
     ],
     [
      -1.9423,
      53.43543
     ],
     [
      -1.94222,
      53.43544
     ],
     [
      -1.94213,
      53.43546
     ],
     [
      -1.94203,
      53.43549
     ],
     [
      -1.94198,
      53.4355
     ],
     [
      -1.94192,
      53.43553
     ],
     [
      -1.94183,
      53.43552
     ]
    ],
    "type": "LineString"
   },
   "properties": {
    "council": "Derbyshire County Council",
    "current": "Claimed BOAT 218",
    "details": {
     "stage": "Application Received"
    },
    "kind": "dmmo-application",
    "parish": "Glossop",
    "ref": "04462",
    "seeks": "Add Byway Open to All Traffic between Hague Street and Glossop Footpath 25 (SK 03962 93196)",
    "source": "derbyshire-applications",
    "state": "open",
    "ways": []
   },
   "type": "Feature"
  },
  {
   "geometry": {
    "coordinates": [
     [
      [
       -1.81144,
       53.28642
      ],
      [
       -1.8115,
       53.28662
      ],
      [
       -1.81168,
       53.28666
      ],
      [
       -1.81199,
       53.28672
      ],
      [
       -1.8125,
       53.28684
      ],
      [
       -1.81315,
       53.28704
      ],
      [
       -1.81406,
       53.28735
      ],
      [
       -1.81465,
       53.28754
      ],
      [
       -1.81497,
       53.28762
      ],
      [
       -1.81523,
       53.28765
      ],
      [
       -1.81545,
       53.28767
      ],
      [
       -1.81579,
       53.2877
      ],
      [
       -1.81624,
       53.28805
      ],
      [
       -1.8171,
       53.28856
      ],
      [
       -1.81789,
       53.28896
      ],
      [
       -1.81862,
       53.28929
      ],
      [
       -1.81951,
       53.28968
      ],
      [
       -1.82052,
       53.29015
      ],
      [
       -1.82135,
       53.29063
      ],
      [
       -1.82203,
       53.29098
      ],
      [
       -1.82289,
       53.29133
      ],
      [
       -1.82368,
       53.29166
      ]
     ],
     [
      [
       -1.82368,
       53.29166
      ],
      [
       -1.82382,
       53.29182
      ],
      [
       -1.82386,
       53.29189
      ],
      [
       -1.82386,
       53.29189
      ],
      [
       -1.82388,
       53.29193
      ],
      [
       -1.8239,
       53.29198
      ],
      [
       -1.8239,
       53.29203
      ],
      [
       -1.8239,
       53.29209
      ],
      [
       -1.82391,
       53.29212
      ],
      [
       -1.82391,
       53.29214
      ],
      [
       -1.82392,
       53.29216
      ],
      [
       -1.82392,
       53.29218
      ],
      [
       -1.82393,
       53.29223
      ]
     ]
    ],
    "type": "MultiLineString"
   },
   "properties": {
    "council": "Derbyshire County Council",
    "current": "Footpath 1",
    "details": {
     "stage": "Application Received"
    },
    "kind": "dmmo-application",
    "parish": "Wheston",
    "ref": "04476",
    "seeks": "Add footpath from Wheston Footpath 1 to Wheston Byway Open to All Traffic 5",
    "source": "derbyshire-applications",
    "state": "open",
    "ways": []
   },
   "type": "Feature"
  },
  {
   "geometry": {
    "coordinates": [
     [
      [
       -1.62374,
       53.13052
      ],
      [
       -1.6228,
       53.13048
      ],
      [
       -1.62052,
       53.13036
      ],
      [
       -1.62057,
       53.13072
      ],
      [
       -1.61979,
       53.13067
      ],
      [
       -1.61888,
       53.13062
      ],
      [
       -1.61843,
       53.13059
      ],
      [
       -1.61819,
       53.13058
      ],
      [
       -1.61784,
       53.13056
      ],
      [
       -1.6176,
       53.13055
      ],
      [
       -1.61734,
       53.13053
      ],
      [
       -1.61705,
       53.13052
      ],
      [
       -1.61687,
       53.13051
      ],
      [
       -1.6167,
       53.1305
      ],
      [
       -1.61635,
       53.13047
      ],
      [
       -1.6162,
       53.13046
      ],
      [
       -1.61605,
       53.13047
      ],
      [
       -1.61584,
       53.13047
      ],
      [
       -1.61575,
       53.13046
      ],
      [
       -1.61569,
       53.13045
      ],
      [
       -1.6156,
       53.13043
      ],
      [
       -1.6155,
       53.13043
      ],
      [
       -1.61538,
       53.13043
      ],
      [
       -1.61529,
       53.13042
      ],
      [
       -1.6151,
       53.1304
      ],
      [
       -1.61475,
       53.13038
      ],
      [
       -1.61438,
       53.13036
      ],
      [
       -1.61396,
       53.13036
      ],
      [
       -1.61379,
       53.13036
      ],
      [
       -1.61338,
       53.13032
      ],
      [
       -1.61301,
       53.1303
      ],
      [
       -1.61264,
       53.13028
      ],
      [
       -1.61233,
       53.13025
      ],
      [
       -1.612,
       53.13025
      ],
      [
       -1.61168,
       53.13023
      ],
      [
       -1.61133,
       53.13021
      ],
      [
       -1.61117,
       53.13021
      ],
      [
       -1.61073,
       53.13018
      ],
      [
       -1.61054,
       53.13016
      ],
      [
       -1.61042,
       53.13016
      ],
      [
       -1.61011,
       53.13015
      ],
      [
       -1.60986,
       53.13013
      ]
     ],
     [
      [
       -1.60986,
       53.13013
      ],
      [
       -1.60972,
       53.13012
      ]
     ]
    ],
    "type": "MultiLineString"
   },
   "properties": {
    "council": "Derbyshire County Council",
    "current": "Claimed Footpath 85",
    "details": {
     "stage": "Application Received"
    },
    "kind": "dmmo-application",
    "parish": "Bonsall",
    "ref": "04535",
    "seeks": "Footpath to be added from Bonsall BOAT 64 (SK26215928) to Bonsall FP84 (SK25275932)",
    "source": "derbyshire-applications",
    "state": "open",
    "ways": []
   },
   "type": "Feature"
  },
  {
   "geometry": {
    "coordinates": [
     [
      [
       -2.00788,
       55.39204
      ],
      [
       -2.00659,
       55.39098
      ],
      [
       -2.0046,
       55.38875
      ],
      [
       -2.00279,
       55.38695
      ],
      [
       -2.00209,
       55.38572
      ],
      [
       -2.00133,
       55.38469
      ],
      [
       -2.0015,
       55.38359
      ],
      [
       -2.00174,
       55.38279
      ],
      [
       -2.0015,
       55.38156
      ],
      [
       -2.00063,
       55.37979
      ],
      [
       -2.00016,
       55.37846
      ],
      [
       -1.99911,
       55.37753
      ],
      [
       -1.99735,
       55.37637
      ]
     ],
     [
      [
       -1.99418,
       55.374
      ],
      [
       -1.9946,
       55.37424
      ],
      [
       -1.99537,
       55.37487
      ],
      [
       -1.99676,
       55.37588
      ],
      [
       -1.99738,
       55.37633
      ]
     ],
     [
      [
       -1.994,
       55.37387
      ],
      [
       -1.99107,
       55.37269
      ],
      [
       -1.9867,
       55.3708
      ],
      [
       -1.9848,
       55.37
      ]
     ]
    ],
    "type": "MultiLineString"
   },
   "properties": {
    "council": "Northumberland County Council",
    "current": null,
    "details": {
     "path": "Alnham South East Road",
     "received": "2005-10-14"
    },
    "kind": "dmmo-application",
    "parish": "Alnham",
    "ref": "UR0001",
    "seeks": "Upgrade existing public bridleway between Alnham and the Trewitt Hall-Yetlington Road to byway open to all traffic status",
    "source": "northumberland-claims",
    "state": "open",
    "ways": []
   },
   "type": "Feature"
  },
  {
   "geometry": {
    "coordinates": [
     [
      [
       -2.04497,
       55.43105
      ],
      [
       -2.04527,
       55.43131
      ],
      [
       -2.04548,
       55.43145
      ],
      [
       -2.04598,
       55.4315
      ],
      [
       -2.04623,
       55.43166
      ],
      [
       -2.04644,
       55.43188
      ],
      [
       -2.04686,
       55.43197
      ],
      [
       -2.04765,
       55.43202
      ],
      [
       -2.04832,
       55.43195
      ],
      [
       -2.04941,
       55.43209
      ],
      [
       -2.04999,
       55.43223
      ],
      [
       -2.05058,
       55.43226
      ],
      [
       -2.05091,
       55.43209
      ],
      [
       -2.05129,
       55.43197
      ],
      [
       -2.05192,
       55.4319
      ],
      [
       -2.05468,
       55.43154
      ],
      [
       -2.0553,
       55.43138
      ],
      [
       -2.05664,
       55.43128
      ],
      [
       -2.05731,
       55.43114
      ],
      [
       -2.06174,
       55.42887
      ],
      [
       -2.06286,
       55.42826
      ],
      [
       -2.06562,
       55.42726
      ],
      [
       -2.06759,
       55.42659
      ],
      [
       -2.06905,
       55.42614
      ],
      [
       -2.06988,
       55.42552
      ],
      [
       -2.07047,
       55.42497
      ],
      [
       -2.07122,
       55.42452
      ],
      [
       -2.07239,
       55.42419
      ],
      [
       -2.07573,
       55.42323
      ],
      [
       -2.07686,
       55.42278
      ],
      [
       -2.07803,
       55.42273
      ],
      [
       -2.07907,
       55.42252
      ],
      [
       -2.07945,
       55.42221
      ]
     ],
     [
      [
       -2.03875,
       55.43962
      ],
      [
       -2.03807,
       55.43909
      ],
      [
       -2.03788,
       55.43891
      ],
      [
       -2.03758,
       55.43815
      ],
      [
       -2.03755,
       55.4379
      ],
      [
       -2.03799,
       55.43778
      ],
      [
       -2.03951,
       55.43742
      ],
      [
       -2.03986,
       55.43735
      ],
      [
       -2.0407,
       55.43722
      ],
      [
       -2.04119,
       55.4371
      ],
      [
       -2.04184,
       55.437
      ],
      [
       -2.04255,
       55.43657
      ],
      [
       -2.04304,
       55.43657
      ],
      [
       -2.04353,
       55.43657
      ],
      [
       -2.04413,
       55.43649
      ],
      [
       -2.04478,
       55.43635
      ],
      [
       -2.04502,
       55.43583
      ],
      [
       -2.04529,
       55.43538
      ],
      [
       -2.04532,
       55.43503
      ],
      [
       -2.04456,
       55.43404
      ],
      [
       -2.04369,
       55.43312
      ],
      [
       -2.04352,
       55.43257
      ],
      [
       -2.04374,
       55.43221
      ],
      [
       -2.04404,
       55.43203
      ],
      [
       -2.04439,
       55.43149
      ],
      [
       -2.04464,
       55.43104
      ]
     ]
    ],
    "type": "MultiLineString"
   },
   "properties": {
    "council": "Northumberland County Council",
    "current": null,
    "details": {
     "path": "Alnham Moor West Road",
     "received": "2005-10-14"
    },
    "kind": "dmmo-application",
    "parish": "Alnham",
    "ref": "UR0002",
    "seeks": "Upgrading existing footpath to byway open to all traffic and adding a short length of byway open to all traffic between Salters Road and public Road at Hartside",
    "source": "northumberland-claims",
    "state": "open",
    "ways": []
   },
   "type": "Feature"
  },
  {
   "geometry": {
    "coordinates": [
     [
      [
       -2.15233,
       55.43574
      ],
      [
       -2.15033,
       55.43552
      ],
      [
       -2.14935,
       55.43549
      ],
      [
       -2.14833,
       55.43574
      ],
      [
       -2.14746,
       55.43565
      ],
      [
       -2.14622,
       55.43574
      ],
      [
       -2.14476,
       55.43621
      ],
      [
       -2.14438,
       55.43682
      ],
      [
       -2.14335,
       55.43707
      ],
      [
       -2.14162,
       55.43726
      ],
      [
       -2.14043,
       55.43756
      ],
      [
       -2.13967,
       55.43763
      ],
      [
       -2.13886,
       55.43781
      ],
      [
       -2.13838,
       55.4384
      ],
      [
       -2.13816,
       55.43905
      ],
      [
       -2.13692,
       55.43935
      ],
      [
       -2.1353,
       55.43954
      ],
      [
       -2.13308,
       55.44019
      ],
      [
       -2.13108,
       55.44053
      ],
      [
       -2.13048,
       55.44028
      ],
      [
       -2.12972,
       55.4401
      ],
      [
       -2.12891,
       55.44001
      ],
      [
       -2.12793,
       55.43995
      ],
      [
       -2.12753,
       55.43998
      ],
      [
       -2.12585,
       55.4389
      ],
      [
       -2.12281,
       55.43774
      ],
      [
       -2.12227,
       55.43765
      ],
      [
       -2.12156,
       55.43685
      ],
      [
       -2.11994,
       55.43623
      ],
      [
       -2.11891,
       55.43611
      ],
      [
       -2.11848,
       55.43574
      ],
      [
       -2.11701,
       55.43547
      ],
      [
       -2.11512,
       55.43525
      ],
      [
       -2.1149,
       55.43498
      ],
      [
       -2.11116,
       55.43366
      ],
      [
       -2.10756,
       55.43234
      ],
      [
       -2.10604,
       55.43185
      ],
      [
       -2.10518,
       55.43178
      ],
      [
       -2.10485,
       55.43126
      ],
      [
       -2.10387,
       55.43052
      ],
      [
       -2.10214,
       55.42954
      ],
      [
       -2.10046,
       55.42908
      ],
      [
       -2.09732,
       55.42831
      ],
      [
       -2.09564,
       55.42785
      ],
      [
       -2.09494,
       55.42751
      ],
      [
       -2.09418,
       55.42742
      ],
      [
       -2.09255,
       55.42665
      ],
      [
       -2.09234,
       55.42635
      ],
      [
       -2.08589,
       55.42423
      ],
      [
       -2.08548,
       55.42349
      ],
      [
       -2.08516,
       55.42318
      ],
      [
       -2.08456,
       55.423
      ],
      [
       -2.08353,
       55.42285
      ],
      [
       -2.08245,
       55.42291
      ],
      [
       -2.08078,
       55.42266
      ],
      [
       -2.07947,
       55.42217
      ],
      [
       -2.07834,
       55.42143
      ],
      [
       -2.07725,
       55.42066
      ],
      [
       -2.07455,
       55.42002
      ],
      [
       -2.07287,
       55.41928
      ],
      [
       -2.07195,
       55.41882
      ],
      [
       -2.07081,
       55.41854
      ],
      [
       -2.07027,
       55.41821
      ],
      [
       -2.06924,
       55.41799
      ],
      [
       -2.06913,
       55.41762
      ],
      [
       -2.06881,
       55.41753
      ],
      [
       -2.068,
       55.41747
      ],
      [
       -2.0674,
       55.41747
      ],
      [
       -2.0654,
       55.41645
      ],
      [
       -2.0645,
       55.41584
      ],
      [
       -2.06353,
       55.41532
      ],
      [
       -2.0631,
       55.41532
      ],
      [
       -2.06266,
       55.41541
      ],
      [
       -2.06196,
       55.41492
      ],
      [
       -2.06039,
       55.41436
      ],
      [
       -2.05931,
       55.41412
      ],
      [
       -2.05811,
       55.41323
      ],
      [
       -2.05714,
       55.41344
      ],
      [
       -2.05487,
       55.41323
      ],
      [
       -2.05227,
       55.41292
      ],
      [
       -2.05103,
       55.4124
      ],
      [
       -2.0493,
       55.41194
      ],
      [
       -2.04702,
       55.41105
      ],
      [
       -2.0467,
       55.41074
      ],
      [
       -2.04589,
       55.41049
      ],
      [
       -2.04486,
       55.41034
      ],
      [
       -2.04351,
       55.40969
      ],
      [
       -2.04234,
       55.4092
      ],
      [
       -2.04137,
       55.40893
      ],
      [
       -2.04045,
       55.40883
      ],
      [
       -2.0392,
       55.40828
      ],
      [
       -2.03677,
       55.40769
      ],
      [
       -2.03477,
       55.40683
      ],
      [
       -2.03347,
       55.40604
      ],
      [
       -2.03163,
       55.40505
      ],
      [
       -2.0306,
       55.40443
      ],
      [
       -2.02946,
       55.40391
      ],
      [
       -2.02887,
       55.40348
      ],
      [
       -2.02665,
       55.40265
      ],
      [
       -2.02605,
       55.40256
      ],
      [
       -2.02541,
       55.40213
      ],
      [
       -2.02519,
       55.40139
      ],
      [
       -2.02543,
       55.40022
      ],
      [
       -2.02565,
       55.3989
      ],
      [
       -2.02256,
       55.39702
      ],
      [
       -2.02078,
       55.39582
      ],
      [
       -2.01856,
       55.39364
      ],
      [
       -2.01705,
       55.39243
      ]
     ],
     [
      [
       -2.19926,
       55.43521
      ],
      [
       -2.19731,
       55.43447
      ],
      [
       -2.19617,
       55.43413
      ],
      [
       -2.19449,
       55.43404
      ],
      [
       -2.19233,
       55.43386
      ],
      [
       -2.19135,
       55.43353
      ],
      [
       -2.19049,
       55.43439
      ],
      [
       -2.18887,
       55.43473
      ],
      [
       -2.18746,
       55.43482
      ],
      [
       -2.1861,
       55.43464
      ],
      [
       -2.18508,
       55.43495
      ],
      [
       -2.18459,
       55.43529
      ],
      [
       -2.18394,
       55.43498
      ],
      [
       -2.18361,
       55.43428
      ],
      [
       -2.18296,
       55.43354
      ],
      [
       -2.18258,
       55.43289
      ],
      [
       -2.17993,
       55.43327
      ],
      [
       -2.17593,
       55.43401
      ],
      [
       -2.1736,
       55.43441
      ],
      [
       -2.17149,
       55.43445
      ],
      [
       -2.17076,
       55.43433
      ],
      [
       -2.16778,
       55.43494
      ],
      [
       -2.16416,
       55.43578
      ],
      [
       -2.16351,
       55.4359
      ],
      [
       -2.16064,
       55.43603
      ],
      [
       -2.15647,
       55.43598
      ],
      [
       -2.15501,
       55.43604
      ],
      [
       -2.15236,
       55.4357
      ]
     ]
    ],
    "type": "MultiLineString"
   },
   "properties": {
    "council": "Northumberland County Council",
    "current": null,
    "details": {
     "path": "Salters Road",
     "received": "2005-09-01"
    },
    "kind": "dmmo-application",
    "parish": "Alnham",
    "ref": "UR0003",
    "seeks": "Upgrade existing public bridleway to byway open to all traffic status between Alnham Church & Clennell Street.",
    "source": "northumberland-claims",
    "state": "open",
    "ways": []
   },
   "type": "Feature"
  },
  {
   "geometry": {
    "coordinates": [
     [
      -2.22344,
      55.3967
     ],
     [
      -2.22476,
      55.39697
     ],
     [
      -2.2259,
      55.39748
     ],
     [
      -2.22698,
      55.39765
     ],
     [
      -2.22811,
      55.39768
     ],
     [
      -2.22961,
      55.39771
     ],
     [
      -2.23117,
      55.39781
     ],
     [
      -2.23231,
      55.39774
     ],
     [
      -2.23368,
      55.39739
     ],
     [
      -2.23476,
      55.39732
     ],
     [
      -2.23571,
      55.39729
     ],
     [
      -2.2371,
      55.39868
     ],
     [
      -2.23848,
      55.39967
     ],
     [
      -2.23956,
      55.40048
     ],
     [
      -2.24113,
      55.40116
     ],
     [
      -2.24256,
      55.4014
     ],
     [
      -2.24329,
      55.40174
     ],
     [
      -2.24472,
      55.40211
     ],
     [
      -2.24622,
      55.40224
     ],
     [
      -2.2464,
      55.40231
     ],
     [
      -2.24718,
      55.40282
     ],
     [
      -2.24803,
      55.40346
     ],
     [
      -2.24881,
      55.40394
     ],
     [
      -2.25037,
      55.40458
     ],
     [
      -2.25205,
      55.40557
     ],
     [
      -2.25289,
      55.40628
     ],
     [
      -2.25356,
      55.40781
     ],
     [
      -2.25375,
      55.40877
     ],
     [
      -2.25433,
      55.4103
     ],
     [
      -2.25463,
      55.41153
     ],
     [
      -2.25476,
      55.41231
     ],
     [
      -2.25506,
      55.41302
     ],
     [
      -2.2556,
      55.41343
     ],
     [
      -2.25686,
      55.41391
     ],
     [
      -2.25777,
      55.41431
     ],
     [
      -2.25801,
      55.4154
     ],
     [
      -2.25862,
      55.41612
     ],
     [
      -2.25952,
      55.41703
     ],
     [
      -2.25983,
      55.41836
     ],
     [
      -2.26049,
      55.41908
     ],
     [
      -2.26065,
      55.42
     ],
     [
      -2.26125,
      55.42064
     ],
     [
      -2.2621,
      55.42166
     ],
     [
      -2.26307,
      55.42442
     ],
     [
      -2.26332,
      55.42585
     ],
     [
      -2.26333,
      55.4267
     ],
     [
      -2.26256,
      55.42769
     ],
     [
      -2.26217,
      55.42861
     ],
     [
      -2.26218,
      55.42923
     ],
     [
      -2.26152,
      55.42974
     ],
     [
      -2.26129,
      55.43039
     ],
     [
      -2.26111,
      55.43107
     ],
     [
      -2.26105,
      55.43158
     ],
     [
      -2.26108,
      55.43178
     ],
     [
      -2.26096,
      55.43205
     ],
     [
      -2.26092,
      55.43209
     ]
    ],
    "type": "LineString"
   },
   "properties": {
    "council": "Northumberland County Council",
    "current": null,
    "details": {
     "path": "The Street",
     "received": "2005-10-14"
    },
    "kind": "dmmo-application",
    "parish": "Alwinton",
    "ref": "UR0005",
    "seeks": "Upgrading existing public bridleway between the Chew Green road and Scottish Border to byway open to all traffic status. NOTE: Last 85m was not a recorded PRoW.",
    "source": "northumberland-claims",
    "state": "open",
    "ways": []
   },
   "type": "Feature"
  },
  {
   "geometry": {
    "coordinates": [
     [
      [
       -2.33519,
       55.38844
      ],
      [
       -2.33404,
       55.38595
      ],
      [
       -2.33324,
       55.38354
      ],
      [
       -2.33233,
       55.38187
      ]
     ],
     [
      [
       -2.33195,
       55.3801
      ],
      [
       -2.332,
       55.37911
      ],
      [
       -2.33212,
       55.37822
      ],
      [
       -2.33265,
       55.37744
      ],
      [
       -2.33252,
       55.37679
      ],
      [
       -2.33282,
       55.37621
      ],
      [
       -2.33353,
       55.37515
      ],
      [
       -2.33394,
       55.37437
      ],
      [
       -2.33465,
       55.37375
      ],
      [
       -2.33579,
       55.37338
      ],
      [
       -2.33632,
       55.37317
      ],
      [
       -2.33698,
       55.37313
      ],
      [
       -2.33704,
       55.37286
      ],
      [
       -2.33577,
       55.37184
      ],
      [
       -2.33331,
       55.37076
      ],
      [
       -2.33109,
       55.36954
      ],
      [
       -2.33,
       55.36893
      ],
      [
       -2.32929,
       55.3689
      ],
      [
       -2.32779,
       55.36931
      ],
      [
       -2.32714,
       55.36951
      ],
      [
       -2.32648,
       55.36989
      ],
      [
       -2.32625,
       55.37017
      ]
     ]
    ],
    "type": "MultiLineString"
   },
   "properties": {
    "council": "Northumberland County Council",
    "current": null,
    "details": {
     "path": "Dere Street",
     "received": "2005-10-14"
    },
    "kind": "dmmo-application",
    "parish": "Alwinton",
    "ref": "UR0006",
    "seeks": "Upgrading existing public bridleway between Chew Green and Scotland to Byway open to all traffic status",
    "source": "northumberland-claims",
    "state": "open",
    "ways": []
   },
   "type": "Feature"
  },
  {
   "geometry": {
    "coordinates": [
     [
      [
       -2.20505,
       55.43795
      ],
      [
       -2.20337,
       55.43691
      ],
      [
       -2.20103,
       55.4362
      ],
      [
       -2.1996,
       55.43535
      ],
      [
       -2.19876,
       55.43487
      ],
      [
       -2.19826,
       55.43359
      ],
      [
       -2.19792,
       55.43283
      ],
      [
       -2.19791,
       55.43135
      ],
      [
       -2.19832,
       55.43021
      ],
      [
       -2.1974,
       55.42865
      ],
      [
       -2.19739,
       55.42746
      ],
      [
       -2.19788,
       55.42584
      ],
      [
       -2.19846,
       55.42465
      ],
      [
       -2.19846,
       55.42346
      ],
      [
       -2.19895,
       55.42241
      ],
      [
       -2.19937,
       55.42198
      ],
      [
       -2.19945,
       55.42108
      ],
      [
       -2.20011,
       55.42003
      ],
      [
       -2.20019,
       55.41899
      ],
      [
       -2.19998,
       55.41828
      ],
      [
       -2.19914,
       55.41742
      ],
      [
       -2.19922,
       55.41676
      ],
      [
       -2.19838,
       55.41671
      ],
      [
       -2.19746,
       55.41676
      ],
      [
       -2.19713,
       55.41671
      ],
      [
       -2.19704,
       55.41647
      ],
      [
       -2.19737,
       55.4159
      ],
      [
       -2.19737,
       55.41462
      ],
      [
       -2.19694,
       55.41343
      ],
      [
       -2.19593,
       55.41229
      ],
      [
       -2.19518,
       55.41158
      ],
      [
       -2.19267,
       55.41092
      ],
      [
       -2.19208,
       55.41001
      ],
      [
       -2.19107,
       55.40902
      ],
      [
       -2.18931,
       55.4084
      ],
      [
       -2.18856,
       55.40736
      ],
      [
       -2.18755,
       55.40688
      ],
      [
       -2.18504,
       55.40598
      ],
      [
       -2.18287,
       55.40551
      ],
      [
       -2.18086,
       55.40542
      ],
      [
       -2.17986,
       55.40528
      ],
      [
       -2.17764,
       55.40395
      ],
      [
       -2.17429,
       55.40286
      ],
      [
       -2.17128,
       55.40172
      ],
      [
       -2.17035,
       55.40134
      ],
      [
       -2.17035,
       55.40006
      ],
      [
       -2.16976,
       55.39868
      ],
      [
       -2.16825,
       55.39712
      ],
      [
       -2.16808,
       55.39602
      ],
      [
       -2.16849,
       55.39493
      ],
      [
       -2.16907,
       55.39369
      ],
      [
       -2.16915,
       55.39293
      ],
      [
       -2.16839,
       55.39231
      ],
      [
       -2.1668,
       55.39155
      ],
      [
       -2.165,
       55.39046
      ],
      [
       -2.16366,
       55.38942
      ],
      [
       -2.16257,
       55.38714
      ],
      [
       -2.16198,
       55.38562
      ],
      [
       -2.16181,
       55.38452
      ],
      [
       -2.16197,
       55.38395
      ],
      [
       -2.16079,
       55.38253
      ],
      [
       -2.15979,
       55.38158
      ],
      [
       -2.15945,
       55.38034
      ],
      [
       -2.15928,
       55.37925
      ],
      [
       -2.15798,
       55.37821
      ],
      [
       -2.15672,
       55.37678
      ],
      [
       -2.1558,
       55.37612
      ]
     ],
     [
      [
       -2.15574,
       55.37608
      ],
      [
       -2.15482,
       55.37542
      ],
      [
       -2.15287,
       55.37481
      ],
      [
       -2.15108,
       55.37429
      ],
      [
       -2.14996,
       55.37378
      ],
      [
       -2.14905,
       55.37366
      ],
      [
       -2.14682,
       55.37367
      ],
      [
       -2.14424,
       55.37362
      ],
      [
       -2.14229,
       55.37342
      ],
      [
       -2.14053,
       55.37315
      ],
      [
       -2.13966,
       55.37295
      ],
      [
       -2.13782,
       55.37209
      ],
      [
       -2.13675,
       55.37137
      ],
      [
       -2.13615,
       55.37114
      ],
      [
       -2.13555,
       55.37071
      ],
      [
       -2.13515,
       55.3704
      ],
      [
       -2.13472,
       55.37042
      ]
     ],
     [
      [
       -2.13476,
       55.3704
      ],
      [
       -2.13356,
       55.37033
      ],
      [
       -2.13249,
       55.36981
      ],
      [
       -2.13137,
       55.36899
      ],
      [
       -2.13121,
       55.36893
      ],
      [
       -2.13081,
       55.36775
      ],
      [
       -2.13053,
       55.36745
      ],
      [
       -2.13061,
       55.36693
      ],
      [
       -2.13021,
       55.36639
      ],
      [
       -2.12977,
       55.36551
      ],
      [
       -2.12981,
       55.36447
      ],
      [
       -2.1294,
       55.36317
      ],
      [
       -2.12896,
       55.36213
      ],
      [
       -2.12785,
       55.36132
      ],
      [
       -2.12757,
       55.36109
      ],
      [
       -2.12749,
       55.36077
      ],
      [
       -2.12729,
       55.3603
      ],
      [
       -2.12728,
       55.35912
      ],
      [
       -2.12704,
       55.35874
      ],
      [
       -2.12605,
       55.35831
      ],
      [
       -2.12497,
       55.35811
      ],
      [
       -2.12402,
       55.35781
      ],
      [
       -2.12352,
       55.35745
      ],
      [
       -2.12312,
       55.35677
      ],
      [
       -2.12328,
       55.35609
      ],
      [
       -2.12343,
       55.35564
      ],
      [
       -2.12343,
       55.35469
      ],
      [
       -2.12347,
       55.35423
      ],
      [
       -2.12406,
       55.35335
      ],
      [
       -2.12458,
       55.35305
      ],
      [
       -2.12501,
       55.35251
      ],
      [
       -2.12501,
       55.35217
      ],
      [
       -2.12481,
       55.35178
      ],
      [
       -2.12489,
       55.35147
      ],
      [
       -2.12515,
       55.35106
      ],
      [
       -2.12523,
       55.35086
      ],
      [
       -2.12523,
       55.35047
      ]
     ]
    ],
    "type": "MultiLineString"
   },
   "properties": {
    "council": "Northumberland County Council",
    "current": null,
    "details": {
     "path": "Clennell Street",
     "received": "2005-10-14"
    },
    "kind": "dmmo-application",
    "parish": "Alwinton",
    "ref": "UR0007",
    "seeks": "Upgrade existing public bridleway between Alwinton and Scottish border to byway open to all traffic status",
    "source": "northumberland-claims",
    "state": "open",
    "ways": []
   },
   "type": "Feature"
  },
  {
   "geometry": {
    "coordinates": [
     [
      [
       -1.84712,
       55.34917
      ],
      [
       -1.8467,
       55.34881
      ],
      [
       -1.846,
       55.34813
      ],
      [
       -1.84544,
       55.34778
      ],
      [
       -1.84438,
       55.34752
      ],
      [
       -1.84343,
       55.34736
      ],
      [
       -1.8429,
       55.34712
      ],
      [
       -1.84245,
       55.34647
      ],
      [
       -1.84157,
       55.34511
      ],
      [
       -1.84098,
       55.34414
      ],
      [
       -1.83827,
       55.34217
      ],
      [
       -1.83574,
       55.34038
      ],
      [
       -1.83483,
       55.33976
      ],
      [
       -1.83448,
       55.33958
      ],
      [
       -1.83272,
       55.33917
      ],
      [
       -1.8311,
       55.33859
      ],
      [
       -1.83001,
       55.33819
      ]
     ],
     [
      [
       -1.82997,
       55.33816
      ],
      [
       -1.82804,
       55.33736
      ],
      [
       -1.82603,
       55.33649
      ],
      [
       -1.82449,
       55.33555
      ],
      [
       -1.82354,
       55.33512
      ],
      [
       -1.82189,
       55.33412
      ],
      [
       -1.81968,
       55.33215
      ],
      [
       -1.8181,
       55.3306
      ],
      [
       -1.81673,
       55.32897
      ],
      [
       -1.81558,
       55.32776
      ],
      [
       -1.81484,
       55.32702
      ]
     ]
    ],
    "type": "MultiLineString"
   },
   "properties": {
    "council": "Northumberland County Council",
    "current": null,
    "details": {
     "path": "Rimside Old Turnpike",
     "received": "2005-06-01"
    },
    "kind": "dmmo-application",
    "parish": "Edlingham",
    "ref": "UR0014",
    "seeks": "Upgrading existing public bridleways between B6341 road and A697 road to byway open to all traffic status",
    "source": "northumberland-claims",
    "state": "open",
    "ways": []
   },
   "type": "Feature"
  },
  {
   "geometry": {
    "coordinates": [
     [
      -2.10927,
      55.25533
     ],
     [
      -2.1045,
      55.25332
     ],
     [
      -2.10313,
      55.25282
     ],
     [
      -2.09974,
      55.25227
     ],
     [
      -2.09941,
      55.2522
     ]
    ],
    "type": "LineString"
   },
   "properties": {
    "council": "Northumberland County Council",
    "current": null,
    "details": {
     "path": "Elsdon Public Carriage Road",
     "received": "2007-04-29"
    },
    "kind": "dmmo-application",
    "parish": "Elsdon",
    "ref": "UR0019",
    "seeks": "To add a restricted byway from B6341 North of Elsdon to the road at Harbottle - involves upgrading some of the existing footpath",
    "source": "northumberland-claims",
    "state": "open",
    "ways": [
     "ND-042-142e12be04"
    ]
   },
   "type": "Feature"
  },
  {
   "geometry": {
    "coordinates": [
     [
      -2.07029,
      55.69779
     ],
     [
      -2.0696,
      55.69715
     ],
     [
      -2.06458,
      55.69741
     ],
     [
      -2.0608,
      55.6976
     ],
     [
      -2.05664,
      55.6978
     ],
     [
      -2.055,
      55.69787
     ],
     [
      -2.04716,
      55.69826
     ],
     [
      -2.04351,
      55.69842
     ],
     [
      -2.03798,
      55.69867
     ],
     [
      -2.03745,
      55.69718
     ],
     [
      -2.03578,
      55.69722
     ],
     [
      -2.03383,
      55.69754
     ],
     [
      -2.0297,
      55.69822
     ],
     [
      -2.02516,
      55.69899
     ],
     [
      -2.02048,
      55.69978
     ],
     [
      -2.01835,
      55.70015
     ],
     [
      -2.0181,
      55.70019
     ],
     [
      -2.0173,
      55.70019
     ],
     [
      -2.01714,
      55.70027
     ],
     [
      -2.01671,
      55.70139
     ]
    ],
    "type": "LineString"
   },
   "properties": {
    "council": "Northumberland County Council",
    "current": null,
    "details": {
     "path": "Ancroft Moor",
     "received": "2019-05-09"
    },
    "kind": "dmmo-application",
    "parish": "Ancroft",
    "ref": "UR0041",
    "seeks": "To add a public bridleway (part upgrade part of existing FP 18) from B6354 road south-west of West Ancroft to C8 road west of Ancroft.",
    "source": "northumberland-claims",
    "state": "open",
    "ways": []
   },
   "type": "Feature"
  },
  {
   "geometry": {
    "coordinates": [
     [
      -1.69692,
      55.59391
     ],
     [
      -1.69451,
      55.59441
     ],
     [
      -1.69457,
      55.59571
     ],
     [
      -1.69448,
      55.59583
     ],
     [
      -1.69402,
      55.5961
     ],
     [
      -1.69381,
      55.59647
     ],
     [
      -1.694,
      55.5969
     ],
     [
      -1.69428,
      55.59737
     ],
     [
      -1.69466,
      55.59766
     ],
     [
      -1.69424,
      55.59788
     ],
     [
      -1.69129,
      55.59886
     ]
    ],
    "type": "LineString"
   },
   "properties": {
    "council": "Northumberland County Council",
    "current": null,
    "details": {
     "path": "Fowberry revisited",
     "received": "2023-07-18"
    },
    "kind": "dmmo-application",
    "parish": "Bamburgh",
    "ref": "UR0044",
    "seeks": "To upgrade existing Public Footpath No 20 to byway open to all traffic status, from BOAT 20 at Greenhill to BOAT 20 at Fowberry.",
    "source": "northumberland-claims",
    "state": "open",
    "ways": []
   },
   "type": "Feature"
  },
  {
   "geometry": {
    "coordinates": [
     [
      -1.97157,
      55.61799
     ],
     [
      -1.97149,
      55.61734
     ],
     [
      -1.97145,
      55.61697
     ]
    ],
    "type": "LineString"
   },
   "properties": {
    "council": "Northumberland County Council",
    "current": null,
    "details": {
     "path": "Hetton North Farm",
     "received": "2019-10-08"
    },
    "kind": "dmmo-application",
    "parish": "Doddington",
    "ref": "UR0059",
    "seeks": "To upgrade existing Restricted Byway No 24 to byway open to all traffic status",
    "source": "northumberland-claims",
    "state": "open",
    "ways": [
     "ND-024-a73800b30c"
    ]
   },
   "type": "Feature"
  },
  {
   "geometry": {
    "coordinates": [
     [
      [
       -2.22742,
       54.8828
      ],
      [
       -2.22561,
       54.88257
      ],
      [
       -2.22321,
       54.88215
      ],
      [
       -2.22148,
       54.88158
      ],
      [
       -2.2195,
       54.88106
      ],
      [
       -2.21727,
       54.88082
      ],
      [
       -2.21529,
       54.88021
      ],
      [
       -2.21355,
       54.87945
      ],
      [
       -2.21231,
       54.87812
      ],
      [
       -2.21122,
       54.87613
      ],
      [
       -2.20998,
       54.87465
      ],
      [
       -2.20923,
       54.87394
      ]
     ],
     [
      [
       -2.20907,
       54.8739
      ],
      [
       -2.20799,
       54.87361
      ],
      [
       -2.20626,
       54.87243
      ],
      [
       -2.20377,
       54.87086
      ],
      [
       -2.19981,
       54.86949
      ],
      [
       -2.19651,
       54.86873
      ],
      [
       -2.19246,
       54.86784
      ],
      [
       -2.18949,
       54.86722
      ],
      [
       -2.18842,
       54.86646
      ],
      [
       -2.18751,
       54.8659
      ],
      [
       -2.18553,
       54.86618
      ],
      [
       -2.18396,
       54.86557
      ],
      [
       -2.1809,
       54.86395
      ],
      [
       -2.17942,
       54.86324
      ]
     ]
    ],
    "type": "MultiLineString"
   },
   "properties": {
    "council": "Northumberland County Council",
    "current": null,
    "details": {
     "path": "Watch Currick Road",
     "received": "2005-10-14"
    },
    "kind": "dmmo-application",
    "parish": "Allendale",
    "ref": "UR0109",
    "seeks": "To upgrade existing public bridleway across Hexhamshire Common to byway open to all traffic status",
    "source": "northumberland-claims",
    "state": "open",
    "ways": []
   },
   "type": "Feature"
  },
  {
   "geometry": {
    "coordinates": [
     [
      [
       -2.22714,
       54.87157
      ],
      [
       -2.22545,
       54.87256
      ],
      [
       -2.22399,
       54.87336
      ],
      [
       -2.22335,
       54.87467
      ],
      [
       -2.22247,
       54.87584
      ],
      [
       -2.22053,
       54.87687
      ],
      [
       -2.21697,
       54.8787
      ],
      [
       -2.21423,
       54.8802
      ],
      [
       -2.21301,
       54.88071
      ],
      [
       -2.21229,
       54.88151
      ],
      [
       -2.21043,
       54.88249
      ],
      [
       -2.20671,
       54.88432
      ],
      [
       -2.20404,
       54.88521
      ],
      [
       -2.20259,
       54.88606
      ],
      [
       -2.20129,
       54.8869
      ],
      [
       -2.20105,
       54.88751
      ],
      [
       -2.20114,
       54.88783
      ],
      [
       -2.20057,
       54.88788
      ],
      [
       -2.19935,
       54.88798
      ],
      [
       -2.19862,
       54.88817
      ]
     ],
     [
      [
       -2.1985,
       54.88814
      ],
      [
       -2.19488,
       54.88897
      ],
      [
       -2.19243,
       54.88977
      ],
      [
       -2.19044,
       54.89062
      ],
      [
       -2.18841,
       54.8916
      ],
      [
       -2.18662,
       54.89299
      ],
      [
       -2.18459,
       54.89378
      ],
      [
       -2.18117,
       54.89526
      ],
      [
       -2.18046,
       54.89588
      ],
      [
       -2.17801,
       54.89638
      ],
      [
       -2.17653,
       54.89639
      ],
      [
       -2.17474,
       54.89674
      ],
      [
       -2.17244,
       54.89722
      ],
      [
       -2.16826,
       54.89799
      ],
      [
       -2.16678,
       54.89825
      ]
     ]
    ],
    "type": "MultiLineString"
   },
   "properties": {
    "council": "Northumberland County Council",
    "current": null,
    "details": {
     "path": "Burntridge Moor Road",
     "received": "2005-10-14"
    },
    "kind": "dmmo-application",
    "parish": "Allendale",
    "ref": "UR0110",
    "seeks": "To upgrade existing public bridleway across Hexhamshire Common to byway open to all traffic status",
    "source": "northumberland-claims",
    "state": "open",
    "ways": []
   },
   "type": "Feature"
  },
  {
   "geometry": {
    "coordinates": [
     [
      [
       -2.30056,
       54.8044
      ],
      [
       -2.30061,
       54.80467
      ],
      [
       -2.30033,
       54.8051
      ],
      [
       -2.29996,
       54.80542
      ],
      [
       -2.29983,
       54.80558
      ],
      [
       -2.30002,
       54.80609
      ],
      [
       -2.30006,
       54.80638
      ],
      [
       -2.29905,
       54.80778
      ],
      [
       -2.29758,
       54.8096
      ],
      [
       -2.29575,
       54.81194
      ],
      [
       -2.29386,
       54.81363
      ],
      [
       -2.29234,
       54.81473
      ],
      [
       -2.29118,
       54.81524
      ],
      [
       -2.29002,
       54.81554
      ],
      [
       -2.28914,
       54.81573
      ]
     ],
     [
      [
       -2.28919,
       54.81573
      ],
      [
       -2.28729,
       54.81638
      ],
      [
       -2.28549,
       54.81734
      ],
      [
       -2.28466,
       54.81812
      ],
      [
       -2.28407,
       54.81922
      ],
      [
       -2.28337,
       54.81979
      ],
      [
       -2.28226,
       54.82024
      ],
      [
       -2.28083,
       54.82046
      ],
      [
       -2.27934,
       54.82063
      ],
      [
       -2.27828,
       54.82103
      ],
      [
       -2.27662,
       54.82189
      ],
      [
       -2.27269,
       54.82412
      ],
      [
       -2.27084,
       54.82544
      ],
      [
       -2.26978,
       54.82651
      ],
      [
       -2.26951,
       54.82745
      ],
      [
       -2.26868,
       54.82812
      ],
      [
       -2.26706,
       54.82861
      ],
      [
       -2.26572,
       54.82936
      ],
      [
       -2.26457,
       54.83044
      ],
      [
       -2.26348,
       54.8314
      ],
      [
       -2.26293,
       54.83194
      ],
      [
       -2.26223,
       54.83223
      ],
      [
       -2.26168,
       54.83296
      ],
      [
       -2.26159,
       54.8336
      ],
      [
       -2.26127,
       54.834
      ],
      [
       -2.26058,
       54.83427
      ],
      [
       -2.25919,
       54.83572
      ],
      [
       -2.25915,
       54.83671
      ],
      [
       -2.2586,
       54.8376
      ],
      [
       -2.25821,
       54.83835
      ],
      [
       -2.25807,
       54.83867
      ],
      [
       -2.25817,
       54.83891
      ],
      [
       -2.25817,
       54.83948
      ],
      [
       -2.25818,
       54.83982
      ],
      [
       -2.25711,
       54.84066
      ],
      [
       -2.25615,
       54.84162
      ],
      [
       -2.25527,
       54.84245
      ],
      [
       -2.25476,
       54.84313
      ],
      [
       -2.25357,
       54.84495
      ]
     ]
    ],
    "type": "MultiLineString"
   },
   "properties": {
    "council": "Northumberland County Council",
    "current": null,
    "details": {
     "path": "The Blackway",
     "received": "2005-06-10"
    },
    "kind": "dmmo-application",
    "parish": "West Allen",
    "ref": "UR0111",
    "seeks": "To upgrade existing public bridleway to byway open to all traffic status from Byway Open to All Traffic No 135 (Parish of Allendale) to C297 road north-east of Coalcleugh Farm",
    "source": "northumberland-claims",
    "state": "open",
    "ways": []
   },
   "type": "Feature"
  },
  {
   "geometry": {
    "coordinates": [
     [
      -2.04621,
      55.10876
     ],
     [
      -2.04568,
      55.10889
     ],
     [
      -2.04491,
      55.10913
     ],
     [
      -2.0441,
      55.1094
     ],
     [
      -2.04336,
      55.10957
     ],
     [
      -2.04197,
      55.10978
     ],
     [
      -2.04085,
      55.10997
     ],
     [
      -2.04002,
      55.11012
     ],
     [
      -2.03943,
      55.11026
     ],
     [
      -2.03933,
      55.11033
     ],
     [
      -2.03947,
      55.11054
     ],
     [
      -2.03978,
      55.1109
     ],
     [
      -2.03989,
      55.11109
     ],
     [
      -2.03968,
      55.1113
     ],
     [
      -2.03855,
      55.11219
     ],
     [
      -2.03764,
      55.11285
     ],
     [
      -2.03727,
      55.11319
     ],
     [
      -2.03679,
      55.11343
     ],
     [
      -2.03581,
      55.11391
     ],
     [
      -2.0351,
      55.11425
     ],
     [
      -2.03446,
      55.11459
     ],
     [
      -2.03413,
      55.11477
     ],
     [
      -2.03376,
      55.11489
     ],
     [
      -2.03282,
      55.11509
     ],
     [
      -2.03185,
      55.11536
     ],
     [
      -2.03095,
      55.11559
     ],
     [
      -2.0299,
      55.11592
     ],
     [
      -2.02886,
      55.11621
     ],
     [
      -2.02815,
      55.11639
     ],
     [
      -2.02773,
      55.11655
     ],
     [
      -2.02763,
      55.11681
     ],
     [
      -2.02744,
      55.11704
     ],
     [
      -2.02738,
      55.11713
     ],
     [
      -2.02721,
      55.11719
     ]
    ],
    "type": "LineString"
   },
   "properties": {
    "council": "Northumberland County Council",
    "current": null,
    "details": {
     "path": "Newonstead",
     "received": "2017-08-14"
    },
    "kind": "dmmo-application",
    "parish": "Bavington",
    "ref": "UR0123",
    "seeks": "To add a byway open to all traffic/restricted byway from the U5013 at Great Bavington to the C209 south-west of Newonstead",
    "source": "northumberland-claims",
    "state": "open",
    "ways": [
     "ND-029-593d106eec"
    ]
   },
   "type": "Feature"
  },
  {
   "geometry": {
    "coordinates": [
     [
      [
       -2.02889,
       54.90623
      ],
      [
       -2.02786,
       54.90589
      ],
      [
       -2.02706,
       54.90561
      ],
      [
       -2.02509,
       54.90508
      ],
      [
       -2.02476,
       54.90497
      ],
      [
       -2.02329,
       54.9044
      ],
      [
       -2.02307,
       54.90436
      ],
      [
       -2.02282,
       54.90432
      ],
      [
       -2.02274,
       54.90418
      ],
      [
       -2.02261,
       54.90393
      ],
      [
       -2.02242,
       54.90373
      ],
      [
       -2.02102,
       54.90279
      ],
      [
       -2.02062,
       54.90256
      ],
      [
       -2.01884,
       54.90095
      ],
      [
       -2.01772,
       54.89989
      ],
      [
       -2.01734,
       54.89949
      ],
      [
       -2.0158,
       54.89818
      ],
      [
       -2.01529,
       54.89777
      ],
      [
       -2.0135,
       54.89664
      ],
      [
       -2.01144,
       54.89533
      ],
      [
       -2.00716,
       54.89274
      ],
      [
       -2.00438,
       54.89112
      ],
      [
       -2.00341,
       54.89054
      ],
      [
       -2.00133,
       54.88922
      ]
     ],
     [
      [
       -2.00115,
       54.88908
      ],
      [
       -1.99949,
       54.88752
      ],
      [
       -1.99741,
       54.88636
      ],
      [
       -1.99015,
       54.88229
      ],
      [
       -1.98807,
       54.88154
      ],
      [
       -1.98703,
       54.8807
      ],
      [
       -1.98579,
       54.87938
      ],
      [
       -1.98475,
       54.87803
      ]
     ]
    ],
    "type": "MultiLineString"
   },
   "properties": {
    "council": "Northumberland County Council",
    "current": null,
    "details": {
     "path": "The Drift Road/Espershields",
     "received": "2003-07-14"
    },
    "kind": "dmmo-application",
    "parish": "Slaley",
    "ref": "UR0156",
    "seeks": "To add a byway open to all traffic from C265 road south of Slaley to C267 road north of Derwent Resevoir",
    "source": "northumberland-claims",
    "state": "open",
    "ways": [
     "ND-044-78e3002c6a"
    ]
   },
   "type": "Feature"
  },
  {
   "geometry": {
    "coordinates": [
     [
      -2.43402,
      55.03392
     ],
     [
      -2.43555,
      55.03516
     ],
     [
      -2.43706,
      55.03871
     ],
     [
      -2.43725,
      55.03916
     ],
     [
      -2.43713,
      55.03991
     ],
     [
      -2.43687,
      55.0408
     ],
     [
      -2.43671,
      55.0412
     ],
     [
      -2.43655,
      55.0416
     ],
     [
      -2.43637,
      55.04232
     ],
     [
      -2.43601,
      55.04374
     ],
     [
      -2.43586,
      55.04418
     ],
     [
      -2.43601,
      55.04539
     ],
     [
      -2.436,
      55.04572
     ],
     [
      -2.43592,
      55.04679
     ],
     [
      -2.43571,
      55.04872
     ],
     [
      -2.43535,
      55.0525
     ],
     [
      -2.43502,
      55.05262
     ],
     [
      -2.42881,
      55.05412
     ],
     [
      -2.42581,
      55.05569
     ],
     [
      -2.42399,
      55.05645
     ]
    ],
    "type": "LineString"
   },
   "properties": {
    "council": "Northumberland County Council",
    "current": null,
    "details": {
     "path": "Grindon Green",
     "received": "2022-11-09"
    },
    "kind": "dmmo-application",
    "parish": "Henshaw",
    "ref": "UR0163",
    "seeks": "To add a restricted byway from the U5057 road at Whygate, in a westerly direction to the parish boundary at Jocks Close, then upgrade existing Footpath No 21 to restricted byway status in a south-westerly direction to Grindon Green, then add a byway open to all traffic in a south-westerly then southerly direction to a point on the U7041 road, east of Scotchcoultard.",
    "source": "northumberland-claims",
    "state": "open",
    "ways": []
   },
   "type": "Feature"
  },
  {
   "geometry": {
    "coordinates": [
     [
      -2.09174,
      54.87722
     ],
     [
      -2.09153,
      54.87724
     ],
     [
      -2.0913,
      54.87743
     ],
     [
      -2.09092,
      54.87773
     ],
     [
      -2.09041,
      54.87826
     ],
     [
      -2.08967,
      54.87893
     ],
     [
      -2.08879,
      54.87965
     ],
     [
      -2.08828,
      54.88005
     ],
     [
      -2.08781,
      54.88037
     ],
     [
      -2.08733,
      54.88055
     ]
    ],
    "type": "LineString"
   },
   "properties": {
    "council": "Northumberland County Council",
    "current": null,
    "details": {
     "path": "Longedge Road",
     "received": "2005-08-02"
    },
    "kind": "dmmo-application",
    "parish": "Hexhamshire",
    "ref": "UR0171",
    "seeks": "To add a byway open to all traffic from south-west corner of Slaley Forest, south-westerly to existing BR92 then upgrade to byway open to all traffic part of BR92, south-westerly to existing BOAT 79",
    "source": "northumberland-claims",
    "state": "open",
    "ways": []
   },
   "type": "Feature"
  },
  {
   "geometry": {
    "coordinates": [
     [
      -2.30651,
      54.81873
     ],
     [
      -2.30654,
      54.81732
     ],
     [
      -2.3067,
      54.81677
     ],
     [
      -2.30693,
      54.81558
     ],
     [
      -2.30703,
      54.81535
     ],
     [
      -2.30704,
      54.81471
     ],
     [
      -2.30716,
      54.81456
     ],
     [
      -2.30755,
      54.81438
     ],
     [
      -2.30753,
      54.81379
     ],
     [
      -2.30748,
      54.8135
     ],
     [
      -2.30764,
      54.81325
     ],
     [
      -2.30785,
      54.81303
     ],
     [
      -2.30798,
      54.81279
     ],
     [
      -2.30824,
      54.81265
     ],
     [
      -2.3088,
      54.81245
     ],
     [
      -2.30921,
      54.8122
     ],
     [
      -2.30931,
      54.81206
     ],
     [
      -2.30949,
      54.81153
     ],
     [
      -2.30982,
      54.81127
     ],
     [
      -2.30994,
      54.8111
     ],
     [
      -2.31024,
      54.81082
     ],
     [
      -2.31006,
      54.81045
     ],
     [
      -2.30971,
      54.80989
     ],
     [
      -2.30977,
      54.80964
     ],
     [
      -2.30985,
      54.80893
     ],
     [
      -2.31004,
      54.80877
     ],
     [
      -2.31025,
      54.80833
     ],
     [
      -2.31038,
      54.80786
     ],
     [
      -2.31062,
      54.80728
     ],
     [
      -2.31116,
      54.80643
     ],
     [
      -2.31179,
      54.80538
     ],
     [
      -2.31184,
      54.80503
     ],
     [
      -2.31157,
      54.80392
     ],
     [
      -2.31148,
      54.80328
     ],
     [
      -2.31135,
      54.80269
     ],
     [
      -2.3111,
      54.80198
     ],
     [
      -2.31128,
      54.80152
     ],
     [
      -2.31151,
      54.80105
     ],
     [
      -2.31126,
      54.80099
     ],
     [
      -2.31089,
      54.80088
     ],
     [
      -2.31032,
      54.80096
     ],
     [
      -2.31002,
      54.80115
     ]
    ],
    "type": "LineString"
   },
   "properties": {
    "council": "Northumberland County Council",
    "current": null,
    "details": {
     "path": "Whitleyshield Road",
     "received": "2011-04-22"
    },
    "kind": "dmmo-application",
    "parish": "West Allen",
    "ref": "UR0198",
    "seeks": "To add a restricted byway (including upgrading of a short length of existing bridleway) from C294 road south of Carr Shield to C294, south of Coalcleugh",
    "source": "northumberland-claims",
    "state": "open",
    "ways": []
   },
   "type": "Feature"
  }
 ],
 "type": "FeatureCollection"
}
